# SQL Manager 2007 for MySQL 4.4.0.3
# ---------------------------------------
# Host     : localhost
# Port     : 3306
# Database : lis


/*!40101 SET @OLD_CHARACTER_SET_CLIENT=@@CHARACTER_SET_CLIENT */;
/*!40101 SET @OLD_CHARACTER_SET_RESULTS=@@CHARACTER_SET_RESULTS */;
/*!40101 SET @OLD_COLLATION_CONNECTION=@@COLLATION_CONNECTION */;
/*!40101 SET NAMES utf8 */;

SET FOREIGN_KEY_CHECKS=0;

USE `lis`;

#
# Structure for the `instrument_model` table : 
#

CREATE TABLE `instrument_model` (
  `id` INTEGER(11) NOT NULL AUTO_INCREMENT,
  `name` VARCHAR(50) COLLATE utf8_general_ci NOT NULL DEFAULT '',
  `brand` VARCHAR(30) COLLATE utf8_general_ci NOT NULL DEFAULT '',
  `type` VARCHAR(30) COLLATE utf8_general_ci NOT NULL DEFAULT '' COMMENT 'Тип анализатора (биохимический, гематологический)',
  `com_protocol` VARCHAR(20) COLLATE utf8_general_ci NOT NULL DEFAULT '',
  `sid_size` INTEGER(11) NOT NULL COMMENT 'макс. кол-во знаков в SID',
  `test_code_int` TINYINT(1) NOT NULL DEFAULT '0' COMMENT 'тип тестовых кодов числовые',
  PRIMARY KEY (`id`),
  UNIQUE KEY `name` (`name`)
)ENGINE=InnoDB
AUTO_INCREMENT=3 CHARACTER SET 'utf8' COLLATE 'utf8_general_ci';

#
# Structure for the `instrument` table : 
#

CREATE TABLE `instrument` (
  `id` INTEGER(11) NOT NULL AUTO_INCREMENT,
  `name` VARCHAR(20) COLLATE utf8_general_ci NOT NULL DEFAULT '' COMMENT 'краткое уникальное символьное имя (например, cobas411)',
  `model_id` INTEGER(11) DEFAULT NULL COMMENT 'модель анализатора (в системе могут фигурировать несколько одиноковых анализаторов)',
  `ip` VARCHAR(20) COLLATE utf8_general_ci NOT NULL DEFAULT '',
  `port` INTEGER(11) NOT NULL,
  `mode` VARCHAR(10) COLLATE utf8_general_ci DEFAULT NULL COMMENT 'Режим работы (batch,query)',
  `active` TINYINT(1) DEFAULT NULL,
  PRIMARY KEY (`id`),
  UNIQUE KEY `nickname` (`name`),
  UNIQUE KEY `name` (`name`),
  KEY `model_id` (`model_id`),
  CONSTRAINT `instrument_fk` FOREIGN KEY (`model_id`) REFERENCES `instrument_model` (`id`)
)ENGINE=InnoDB
AUTO_INCREMENT=3 CHARACTER SET 'utf8' COLLATE 'utf8_general_ci';

#
# Structure for the `logs` table : 
#

CREATE TABLE `logs` (
  `id` INTEGER(11) NOT NULL AUTO_INCREMENT,
  `instrument_id` INTEGER(11) NOT NULL,
  `direction` VARCHAR(20) COLLATE utf8_general_ci NOT NULL DEFAULT '',
  `message` VARCHAR(1000) COLLATE utf8_general_ci DEFAULT NULL,
  `insert_datetime` TIMESTAMP NOT NULL DEFAULT CURRENT_TIMESTAMP,
  PRIMARY KEY (`id`),
  KEY `instrument_id` (`instrument_id`),
  CONSTRAINT `logs_fk` FOREIGN KEY (`instrument_id`) REFERENCES `instrument` (`id`)
)ENGINE=InnoDB
AUTO_INCREMENT=1776 CHARACTER SET 'utf8' COLLATE 'utf8_general_ci';

#
# Structure for the `sender` table : 
#

CREATE TABLE `sender` (
  `id` INTEGER(11) NOT NULL AUTO_INCREMENT,
  `name` VARCHAR(20) COLLATE utf8_general_ci NOT NULL DEFAULT '' COMMENT 'наменование отправителя сообщений (уникальное, которое, будет приходить в сообщениях для идентификации)',
  `description` VARCHAR(100) COLLATE utf8_general_ci DEFAULT NULL COMMENT 'описание',
  PRIMARY KEY (`id`),
  UNIQUE KEY `name` (`name`)
)ENGINE=InnoDB
AUTO_INCREMENT=3 CHARACTER SET 'utf8' COLLATE 'utf8_general_ci';

#
# Structure for the `message` table : 
#

CREATE TABLE `message` (
  `id` INTEGER(11) NOT NULL AUTO_INCREMENT,
  `sender_id` INTEGER(11) NOT NULL COMMENT 'отправитель',
  `income_number` VARCHAR(50) COLLATE utf8_general_ci NOT NULL DEFAULT '',
  `close` TINYINT(1) DEFAULT '0' COMMENT 'Закрыто ли для приема (для обновлений заданий), закрывается при получении первого результата от аппарата',
  `insert_datetime` TIMESTAMP NOT NULL DEFAULT CURRENT_TIMESTAMP,
  PRIMARY KEY (`id`),
  UNIQUE KEY `sender_income_number` (`sender_id`, `income_number`),
  KEY `sender_id` (`sender_id`),
  CONSTRAINT `message_fk` FOREIGN KEY (`sender_id`) REFERENCES `sender` (`id`)
)ENGINE=InnoDB
AUTO_INCREMENT=14 CHARACTER SET 'utf8' COLLATE 'utf8_general_ci';

#
# Structure for the `message_history` table : 
#

CREATE TABLE `message_history` (
  `id` INTEGER(11) NOT NULL AUTO_INCREMENT,
  `message_id` INTEGER(11) NOT NULL,
  `text` TEXT COLLATE utf8_general_ci NOT NULL,
  `insert_datetime` TIMESTAMP NOT NULL DEFAULT CURRENT_TIMESTAMP,
  PRIMARY KEY (`id`)
)ENGINE=InnoDB
AUTO_INCREMENT=39 CHARACTER SET 'utf8' COLLATE 'utf8_general_ci';

#
# Structure for the `parameter` table : 
#

CREATE TABLE `parameter` (
  `id` INTEGER(11) NOT NULL,
  `name` VARCHAR(100) COLLATE utf8_general_ci NOT NULL DEFAULT '' COMMENT 'Наименование параметра (например Cl в крови)',
  PRIMARY KEY (`id`)
)ENGINE=InnoDB
CHARACTER SET 'utf8' COLLATE 'utf8_general_ci';

#
# Structure for the `workorder` table : 
#

CREATE TABLE `workorder` (
  `id` INTEGER(11) NOT NULL AUTO_INCREMENT COMMENT 'первичный ключ заказа',
  `instrument_id` INTEGER(11) NOT NULL COMMENT 'Код прибора',
  `mid` INTEGER(11) DEFAULT NULL COMMENT 'Номер сообщения из ЛИС/МИС',
  `sid` VARCHAR(50) COLLATE utf8_general_ci NOT NULL DEFAULT '' COMMENT 'ИД пробы',
  `rack` VARCHAR(20) COLLATE utf8_general_ci DEFAULT NULL COMMENT 'Номер rack (штатива) или диска',
  `position` INTEGER(11) DEFAULT NULL,
  `sample_type` VARCHAR(30) COLLATE utf8_general_ci DEFAULT NULL COMMENT 'тип пробы: wb: whole blood, ser/pl: Blood Serum/Plasma, urine: urine, csf: Cerebral Spinal Fluid, suprnt: supernatant, other: other Fluids',
  `patient_name` VARCHAR(30) COLLATE utf8_general_ci DEFAULT NULL,
  `patient_number` VARCHAR(30) COLLATE utf8_general_ci DEFAULT NULL COMMENT 'Номер пациента',
  `date_birth` DATE DEFAULT NULL COMMENT 'Дата рождения пациента',
  `sex` INTEGER(11) DEFAULT '3' COMMENT 'пол пациента (1-муж, 2-жен, 3-неизвестно)',
  `date_collection` DATE DEFAULT NULL COMMENT 'Дата забора',
  `laborant_name` VARCHAR(30) COLLATE utf8_general_ci DEFAULT NULL COMMENT 'Имя лаборанта, отправившего задание',
  `status` INTEGER(11) DEFAULT NULL COMMENT 'Статус обработки заказа (послан на анализатор или нет)',
  `tests` VARCHAR(250) COLLATE utf8_general_ci NOT NULL DEFAULT '' COMMENT 'коды тестов, разделенные запятой',
  `add_params` VARCHAR(250) COLLATE utf8_general_ci DEFAULT NULL COMMENT 'Дополнительные параметры, в формате key1=value1,key2=value2',
  `insert_datetime` TIMESTAMP NOT NULL DEFAULT CURRENT_TIMESTAMP,
  PRIMARY KEY (`id`),
  UNIQUE KEY `instrument_id_sid` (`instrument_id`, `sid`),
  KEY `instrument_id` (`instrument_id`),
  KEY `mid` (`mid`),
  CONSTRAINT `workorder_fk` FOREIGN KEY (`instrument_id`) REFERENCES `instrument` (`id`),
  CONSTRAINT `workorder_fk1` FOREIGN KEY (`mid`) REFERENCES `message` (`id`)
)ENGINE=InnoDB
AUTO_INCREMENT=150 CHARACTER SET 'utf8' COLLATE 'utf8_general_ci';

#
# Structure for the `result` table : 
#

CREATE TABLE `result` (
  `id` INTEGER(11) NOT NULL AUTO_INCREMENT,
  `workorder_id` INTEGER(11) DEFAULT NULL,
  `test_code` VARCHAR(20) COLLATE utf8_general_ci NOT NULL DEFAULT '',
  `parameter_id` INTEGER(11) DEFAULT NULL,
  `value` VARCHAR(30) COLLATE utf8_general_ci DEFAULT NULL,
  `units` VARCHAR(20) COLLATE utf8_general_ci DEFAULT NULL,
  `referense_ranges` VARCHAR(30) COLLATE utf8_general_ci DEFAULT NULL,
  `abnormal_flags` VARCHAR(20) COLLATE utf8_general_ci DEFAULT NULL,
  `initial_rerun` VARCHAR(20) COLLATE utf8_general_ci DEFAULT NULL,
  `comment` VARCHAR(100) COLLATE utf8_general_ci DEFAULT NULL,
  `status` VARCHAR(20) COLLATE utf8_general_ci DEFAULT NULL,
  `raw_text` VARCHAR(250) COLLATE utf8_general_ci DEFAULT NULL,
  `add_params` VARCHAR(250) COLLATE utf8_general_ci DEFAULT NULL COMMENT 'доп. параметры, специфич для каждого анализатора в формате key1=value1,key2=value2',
  PRIMARY KEY (`id`),
  KEY `workorder_id` (`workorder_id`),
  KEY `parameter_id` (`parameter_id`),
  CONSTRAINT `result_fk` FOREIGN KEY (`workorder_id`) REFERENCES `workorder` (`id`),
  CONSTRAINT `result_fk1` FOREIGN KEY (`parameter_id`) REFERENCES `parameter` (`id`)
)ENGINE=InnoDB
AUTO_INCREMENT=14 CHARACTER SET 'utf8' COLLATE 'utf8_general_ci';

#
# Structure for the `table1` table : 
#

CREATE TABLE `table1` (
  `field1` INTEGER(11) DEFAULT NULL,
  `field2` VARCHAR(20) COLLATE utf8_general_ci NOT NULL DEFAULT ''
)ENGINE=InnoDB
CHARACTER SET 'utf8' COLLATE 'utf8_general_ci';

#
# Structure for the `test` table : 
#

CREATE TABLE `test` (
  `id` INTEGER(11) NOT NULL AUTO_INCREMENT,
  `instrument_id` INTEGER(11) NOT NULL,
  `code` VARCHAR(20) COLLATE utf8_general_ci DEFAULT NULL COMMENT 'Код теста в анализаторе',
  `name` VARCHAR(20) COLLATE utf8_general_ci DEFAULT NULL,
  `description` VARCHAR(100) COLLATE utf8_general_ci DEFAULT NULL COMMENT 'Описание',
  `units` VARCHAR(50) COLLATE utf8_general_ci DEFAULT NULL COMMENT 'Единицы измерения',
  `test_order` INTEGER(11) NOT NULL DEFAULT '1000' COMMENT 'порядок сортировки (для форм)',
  `parameter_id` INTEGER(11) DEFAULT NULL COMMENT 'Код параметра',
  `use_default` INTEGER(1) NOT NULL DEFAULT '0' COMMENT 'То который делается по умолчанию, если одному параметру сопоставляется несколько тестов, с разных аппаратов',
  PRIMARY KEY (`id`),
  UNIQUE KEY `instrument_code_unique` (`instrument_id`, `code`),
  KEY `instrument_id` (`instrument_id`),
  KEY `parameter_id` (`parameter_id`),
  CONSTRAINT `test_fk` FOREIGN KEY (`instrument_id`) REFERENCES `instrument` (`id`),
  CONSTRAINT `test_fk1` FOREIGN KEY (`parameter_id`) REFERENCES `parameter` (`id`)
)ENGINE=InnoDB
AUTO_INCREMENT=191 CHARACTER SET 'utf8' COLLATE 'utf8_general_ci';

#
# Data for the `instrument_model` table  (LIMIT 0,500)
#

INSERT INTO `instrument_model` (`id`, `name`, `brand`, `type`, `com_protocol`, `sid_size`, `test_code_int`) VALUES 
  (1,'ADVIA_2120','siemens','hematology','Host Spec. 79',14,1),
  (2,'COBAS_e_411','roch','immunology','ASTM E1394-91',22,1);
COMMIT;

#
# Data for the `instrument` table  (LIMIT 0,500)
#

INSERT INTO `instrument` (`id`, `name`, `model_id`, `ip`, `port`, `mode`, `active`) VALUES 
  (1,'advia2120',1,'192.168.127.254',950,'query',0),
  (2,'cobas411',2,'10.10.10.113',950,'batch',1);
COMMIT;

#
# Data for the `logs` table  (LIMIT 0,500)
#

INSERT INTO `logs` (`id`, `instrument_id`, `direction`, `message`, `insert_datetime`) VALUES 
  (1,2,'H<-M','<STX>1H|^&|||cobas-e411^1|||||host|RSUPL^BATCH|P|1<CR>P|1<CR>O|1|51|2^0^2^^S1^SC|^^^140^1|R||20150211101415||||N||||1|||||||20150211104437|||F<CR>R|1|^^^140/1/not|55.16|mIU/ml||N||F|||||E1<CR>L|1|N<CR><ETX>4D<CR><LF>','2015-02-11 15:02:08'),
  (2,2,'H->M','ACK','2015-02-11 15:02:10'),
  (3,2,'H<-M','EOT','2015-02-11 15:02:10'),
  (4,2,'H<-M','<STX>1H|^&|||cobas-e411^1|||||host|RSUPL^BATCH|P|1<CR>P|1<CR>O|1|18|1^0^1^^S1^SC|^^^140^1|R||20150211101408||||N||||1|||||||20150211104355|||F<CR>R|1|^^^140/1/not|<0.100|mIU/ml||LL||F|||||E1<CR>C|1|I|27|I<CR>L|1|N<CR><ETX>31<CR><LF>','2015-02-11 15:28:54'),
  (5,2,'H->M','ACK','2015-02-11 15:28:54'),
  (6,2,'H<-M','<STX>1H|^&|||cobas-e411^1|||||host|RSUPL^BATCH|P|1<CR>P|1<CR>O|1|18|1^0^1^^S1^SC|^^^140^1|R||20150211101408||||N||||1|||||||20150211104355|||F<CR>R|1|^^^140/1/not|<0.100|mIU/ml||LL||F|||||E1<CR>C|1|I|27|I<CR>L|1|N<CR><ETX>31<CR><LF>','2015-02-11 15:29:52'),
  (7,2,'H->M','ACK','2015-02-11 15:29:52'),
  (8,2,'H<-M','EOT','2015-02-11 15:29:52'),
  (9,2,'H<-M','<STX>1H|^&|||cobas-e411^1|||||host|RSUPL^BATCH|P|1<CR>P|1<CR>O|1|601|6^0^6^^S1^SC|^^^70^1^^^111^1^^^750^1^^^650^1|R||20150211101449||||N||||1|||||||20150211104931|||F<CR>R|1|^^^70/1/not|1.96|ng/ml||N||F|||||E1<CR>R|2|^^^111/1/not|8.12|nmol/l||N||F|||||E167<CR><LF>','2015-02-11 15:30:22'),
  (10,2,'H->M','ACK','2015-02-11 15:30:22'),
  (11,2,'H<-M','<STX>1H|^&|||cobas-e411^1|||||host|RSUPL^BATCH|P|1<CR>P|1<CR>O|1|601|6^0^6^^S1^SC|^^^70^1^^^111^1^^^750^1^^^650^1|R||20150211101449||||N||||1|||||||20150211104931|||F<CR>R|1|^^^70/1/not|1.96|ng/ml||N||F|||||E1<CR>R|2|^^^111/1/not|8.12|nmol/l||N||F|||||E167<CR><LF>','2015-02-11 15:30:52'),
  (12,2,'H->M','ACK','2015-02-11 15:30:52'),
  (13,2,'H<-M','<STX>1H|^&|||cobas-e411^1|||||host|RSUPL^BATCH|P|1<CR>P|1<CR>O|1|13|1^0^1^^S1^SC|^^^111^1|R||20150212101744||||N||||1|||||||20150212104839|||F<CR>R|1|^^^111/1/not|0.484|nmol/l||N||F|||||E1<CR>L|1|N<CR><ETX>8F<CR><LF>','2015-02-12 11:01:39'),
  (14,2,'H->M','ACK','2015-02-12 11:01:40'),
  (15,2,'H<-M','EOT','2015-02-12 11:01:41'),
  (16,2,'H<-M','<STX>1H|^&|||cobas-e411^1|||||host|RSUPL^BATCH|P|1<CR>P|1<CR>O|1|13|1^0^1^^S1^SC|^^^111^1|R||20150212101744||||N||||1|||||||20150212104839|||F<CR>R|1|^^^111/1/not|0.484|nmol/l||N||F|||||E1<CR>L|1|N<CR><ETX>8F<CR><LF>','2015-02-12 11:04:55'),
  (17,2,'H->M','ACK','2015-02-12 11:04:55'),
  (18,2,'H<-M','EOT','2015-02-12 11:04:56'),
  (19,2,'H<-M','<STX>1H|^&|||cobas-e411^1|||||host|RSUPL^BATCH|P|1<CR>P|1<CR>O|1|13|1^0^1^^S1^SC|^^^111^1|R||20150212101744||||N||||1|||||||20150212104839|||F<CR>R|1|^^^111/1/not|0.484|nmol/l||N||F|||||E1<CR>L|1|N<CR><ETX>8F<CR><LF>','2015-02-12 11:06:45'),
  (20,2,'H->M','ACK','2015-02-12 11:06:45'),
  (21,2,'H<-M','EOT','2015-02-12 11:06:46'),
  (22,2,'H<-M','<STX>1H|^&|||cobas-e411^1|||||host|RSUPL^BATCH|P|1<CR>P|1<CR>O|1|13|1^0^1^^S1^SC|^^^111^1|R||20150212101744||||N||||1|||||||20150212104839|||F<CR>R|1|^^^111/1/not|0.484|nmol/l||N||F|||||E1<CR>L|1|N<CR><ETX>8F<CR><LF>','2015-02-12 11:07:56'),
  (23,2,'H->M','ACK','2015-02-12 11:07:56'),
  (24,2,'H<-M','EOT','2015-02-12 11:07:56'),
  (25,2,'H<-M','<STX>1H|^&|||cobas-e411^1|||||host|RSUPL^BATCH|P|1<CR>P|1<CR>O|1|13|1^0^1^^S1^SC|^^^111^1|R||20150212101744||||N||||1|||||||20150212104839|||F<CR>R|1|^^^111/1/not|0.484|nmol/l||N||F|||||E1<CR>L|1|N<CR><ETX>8F<CR><LF>','2015-02-12 11:09:52'),
  (26,2,'H->M','ACK','2015-02-12 11:09:52'),
  (27,2,'H<-M','EOT','2015-02-12 11:09:52'),
  (28,2,'H<-M','<STX>1H|^&|||cobas-e411^1|||||host|RSUPL^BATCH|P|1<CR>P|1<CR>O|1|13|1^0^1^^S1^SC|^^^111^1|R||20150212101744||||N||||1|||||||20150212104839|||F<CR>R|1|^^^111/1/not|0.484|nmol/l||N||F|||||E1<CR>L|1|N<CR><ETX>8F<CR><LF>','2015-02-12 11:12:07'),
  (29,2,'H->M','ACK','2015-02-12 11:12:08'),
  (30,2,'H<-M','EOT','2015-02-12 11:12:08'),
  (31,2,'H<-M','<STX>1H|^&|||cobas-e411^1|||||host|RSUPL^BATCH|P|1<CR>P|1<CR>O|1|13|1^0^1^^S1^SC|^^^111^1|R||20150212101744||||N||||1|||||||20150212104839|||F<CR>R|1|^^^111/1/not|0.484|nmol/l||N||F|||||E1<CR>L|1|N<CR><ETX>8F<CR><LF>','2015-02-12 11:13:39'),
  (32,2,'H->M','ACK','2015-02-12 11:13:40'),
  (33,2,'H<-M','EOT','2015-02-12 11:13:40'),
  (34,2,'H<-M','<STX>1H|^&|||cobas-e411^1|||||host|RSUPL^BATCH|P|1<CR>P|1<CR>O|1|13|1^0^1^^S1^SC|^^^111^1|R||20150212101744||||N||||1|||||||20150212104839|||F<CR>R|1|^^^111/1/not|0.484|nmol/l||N||F|||||E1<CR>L|1|N<CR><ETX>8F<CR><LF>','2015-02-12 11:20:22'),
  (35,2,'H->M','ACK','2015-02-12 11:20:23'),
  (36,2,'H<-M','EOT','2015-02-12 11:20:23'),
  (37,2,'H<-M','<STX>1H|^&|||cobas-e411^1|||||host|RSUPL^BATCH|P|1<CR>P|1<CR>O|1|13|1^0^1^^S1^SC|^^^111^1|R||20150212101744||||N||||1|||||||20150212104839|||F<CR>R|1|^^^111/1/not|0.484|nmol/l||N||F|||||E1<CR>L|1|N<CR><ETX>8F<CR><LF>','2015-02-12 11:21:17'),
  (38,2,'H->M','ACK','2015-02-12 11:21:17'),
  (39,2,'H<-M','EOT','2015-02-12 11:21:17'),
  (40,2,'H<-M','<STX>1H|^&|||cobas-e411^1|||||host|RSUPL^BATCH|P|1<CR>P|1<CR>O|1|13|1^0^1^^S1^SC|^^^111^1|R||20150212101744||||N||||1|||||||20150212104839|||F<CR>R|1|^^^111/1/not|0.484|nmol/l||N||F|||||E1<CR>L|1|N<CR><ETX>8F<CR><LF>','2015-02-12 11:23:02'),
  (41,2,'H->M','ACK','2015-02-12 11:23:02'),
  (42,2,'H<-M','EOT','2015-02-12 11:23:02'),
  (43,2,'H<-M','<STX>1H|^&|||cobas-e411^1|||||host|RSUPL^BATCH|P|1<CR>P|1<CR>O|1|13|1^0^1^^S1^SC|^^^111^1|R||20150212101744||||N||||1|||||||20150212104839|||F<CR>R|1|^^^111/1/not|0.484|nmol/l||N||F|||||E1<CR>L|1|N<CR><ETX>8F<CR><LF>','2015-02-12 11:25:19'),
  (44,2,'H->M','ACK','2015-02-12 11:25:19'),
  (45,2,'H<-M','EOT','2015-02-12 11:25:19'),
  (46,2,'H<-M','<STX>1H|^&|||cobas-e411^1|||||host|RSUPL^BATCH|P|1<CR>P|1<CR>O|1|13|1^0^1^^S1^SC|^^^111^1|R||20150212101744||||N||||1|||||||20150212104839|||F<CR>R|1|^^^111/1/not|0.484|nmol/l||N||F|||||E1<CR>L|1|N<CR><ETX>8F<CR><LF>','2015-02-12 11:26:38'),
  (47,2,'H->M','ACK','2015-02-12 11:26:38'),
  (48,2,'H<-M','EOT','2015-02-12 11:26:38'),
  (49,2,'H<-M','<STX>1H|^&|||cobas-e411^1|||||host|RSUPL^BATCH|P|1<CR>P|1<CR>O|1|13|1^0^1^^S1^SC|^^^111^1|R||20150212101744||||N||||1|||||||20150212104839|||F<CR>R|1|^^^111/1/not|0.484|nmol/l||N||F|||||E1<CR>L|1|N<CR><ETX>8F<CR><LF>','2015-02-12 11:28:12'),
  (50,2,'H->M','ACK','2015-02-12 11:28:12'),
  (51,2,'H<-M','EOT','2015-02-12 11:28:13'),
  (52,2,'H<-M','<STX>1H|^&|||cobas-e411^1|||||host|RSUPL^BATCH|P|1<CR>P|1<CR>O|1|13|1^0^1^^S1^SC|^^^111^1|R||20150212101744||||N||||1|||||||20150212104839|||F<CR>R|1|^^^111/1/not|0.484|nmol/l||N||F|||||E1<CR>L|1|N<CR><ETX>8F<CR><LF>','2015-02-12 11:29:36'),
  (53,2,'H->M','ACK','2015-02-12 11:29:36'),
  (54,2,'H<-M','EOT','2015-02-12 11:29:36'),
  (55,2,'H<-M','<STX>1H|^&|||cobas-e411^1|||||host|RSUPL^BATCH|P|1<CR>P|1<CR>O|1|13|1^0^1^^S1^SC|^^^111^1|R||20150212101744||||N||||1|||||||20150212104839|||F<CR>R|1|^^^111/1/not|0.484|nmol/l||N||F|||||E1<CR>L|1|N<CR><ETX>8F<CR><LF>','2015-02-12 11:30:29'),
  (56,2,'H->M','ACK','2015-02-12 11:30:30'),
  (57,2,'H<-M','EOT','2015-02-12 11:30:30'),
  (58,2,'H<-M','<STX>1H|^&|||cobas-e411^1|||||host|RSUPL^BATCH|P|1<CR>P|1<CR>O|1|13|1^0^1^^S1^SC|^^^111^1|R||20150212101744||||N||||1|||||||20150212104839|||F<CR>R|1|^^^111/1/not|0.484|nmol/l||N||F|||||E1<CR>L|1|N<CR><ETX>8F<CR><LF>','2015-02-12 11:33:36'),
  (59,2,'H->M','ACK','2015-02-12 11:33:37'),
  (60,2,'H<-M','EOT','2015-02-12 11:33:37'),
  (61,2,'H<-M','<STX>1H|^&|||cobas-e411^1|||||host|RSUPL^BATCH|P|1<CR>P|1<CR>O|1|13|1^0^1^^S1^SC|^^^111^1|R||20150212101744||||N||||1|||||||20150212104839|||F<CR>R|1|^^^111/1/not|0.484|nmol/l||N||F|||||E1<CR>L|1|N<CR><ETX>8F<CR><LF>','2015-02-12 11:34:51'),
  (62,2,'H->M','ACK','2015-02-12 11:34:51'),
  (63,2,'H<-M','EOT','2015-02-12 11:34:51'),
  (64,2,'H<-M','<STX>1H|^&|||cobas-e411^1|||||host|RSUPL^BATCH|P|1<CR>P|1<CR>O|1|13|1^0^1^^S1^SC|^^^111^1|R||20150212101744||||N||||1|||||||20150212104839|||F<CR>R|1|^^^111/1/not|0.484|nmol/l||N||F|||||E1<CR>L|1|N<CR><ETX>8F<CR><LF>','2015-02-12 11:36:34'),
  (65,2,'H->M','ACK','2015-02-12 11:36:34'),
  (66,2,'H<-M','EOT','2015-02-12 11:36:34'),
  (67,2,'H<-M','<STX>1H|^&|||cobas-e411^1|||||host|RSUPL^BATCH|P|1<CR>P|1<CR>O|1|13|1^0^1^^S1^SC|^^^111^1|R||20150212101744||||N||||1|||||||20150212104839|||F<CR>R|1|^^^111/1/not|0.484|nmol/l||N||F|||||E1<CR>L|1|N<CR><ETX>8F<CR><LF>','2015-02-12 11:50:05'),
  (68,2,'H->M','ACK','2015-02-12 11:50:05'),
  (69,2,'H<-M','EOT','2015-02-12 11:50:05'),
  (70,2,'H<-M','<STX>1H|^&|||cobas-e411^1|||||host|RSUPL^BATCH|P|1<CR>P|1<CR>O|1|13|1^0^1^^S1^SC|^^^111^1|R||20150212101744||||N||||1|||||||20150212104839|||F<CR>R|1|^^^111/1/not|0.484|nmol/l||N||F|||||E1<CR>L|1|N<CR><ETX>8F<CR><LF>','2015-02-12 11:51:32'),
  (71,2,'H->M','ACK','2015-02-12 11:51:32'),
  (72,2,'H<-M','EOT','2015-02-12 11:51:32'),
  (73,2,'H<-M','<STX>1H|^&|||cobas-e411^1|||||host|RSUPL^REAL|P|1<CR>P|1<CR>O|1|37|12^0^1^^S1^SC|^^^630^1|R||20150212120412||||N||||1|||||||20150212122627|||F<CR>R|1|^^^630/1/not|>2500|IU/ml||HH||F|||||E1<CR>C|1|I|26|I<CR>L|1|N<CR><ETX>92<CR><LF>','2015-02-12 12:23:58'),
  (74,2,'H->M','ACK','2015-02-12 12:23:58'),
  (75,2,'H<-M','EOT','2015-02-12 12:23:58'),
  (76,2,'H<-M','<STX>1H|^&|||cobas-e411^1|||||host|RSUPL^BATCH|P|1<CR>P|1<CR>O|1|37|12^0^1^^S1^SC|^^^630^1|R||20150212120412||||N||||1|||||||20150212122627|||F<CR>R|1|^^^630/1/not|>2500|IU/ml||HH||F|||||E1<CR>C|1|I|26|I<CR>L|1|N<CR><ETX>D0<CR><LF>','2015-02-12 13:14:35'),
  (77,2,'H->M','ACK','2015-02-12 13:14:35'),
  (78,2,'H<-M','<STX>1H|^&|||cobas-e411^1|||||host|RSUPL^BATCH|P|1<CR>P|1<CR>O|1|37|12^0^1^^S1^SC|^^^630^1|R||20150212120412||||N||||1|||||||20150212122627|||F<CR>R|1|^^^630/1/not|>2500|IU/ml||HH||F|||||E1<CR>C|1|I|26|I<CR>L|1|N<CR><ETX>D0<CR><LF>','2015-02-12 13:21:33'),
  (79,2,'H->M','ACK','2015-02-12 13:21:33'),
  (80,2,'H<-M','EOT','2015-02-12 13:21:34'),
  (81,2,'H<-M','<STX>1H|^&|||cobas-e411^1|||||host|RSUPL^BATCH|P|1<CR>P|1<CR>O|1|37|12^0^1^^S1^SC|^^^630^1|R||20150212120412||||N||||1|||||||20150212122627|||F<CR>R|1|^^^630/1/not|>2500|IU/ml||HH||F|||||E1<CR>C|1|I|26|I<CR>L|1|N<CR><ETX>D0<CR><LF>','2015-02-12 13:23:12'),
  (82,2,'H->M','ACK','2015-02-12 13:23:12'),
  (83,2,'H<-M','EOT','2015-02-12 13:23:13'),
  (84,2,'H<-M','<STX>1H|^&|||cobas-e411^1|||||host|RSUPL^BATCH|P|1<CR>P|1<CR>O|1|37|12^0^1^^S1^SC|^^^630^1|R||20150212120412||||N||||1|||||||20150212122627|||F<CR>R|1|^^^630/1/not|>2500|IU/ml||HH||F|||||E1<CR>C|1|I|26|I<CR>L|1|N<CR><ETX>D0<CR><LF>','2015-02-12 13:24:19'),
  (85,2,'H->M','ACK','2015-02-12 13:24:19'),
  (86,2,'H<-M','EOT','2015-02-12 13:24:20'),
  (87,2,'H<-M','<STX>1H|^&|||cobas-e411^1|||||host|RSUPL^BATCH|P|1<CR>P|1<CR>O|1|37|12^0^1^^S1^SC|^^^630^1|R||20150212120412||||N||||1|||||||20150212122627|||F<CR>R|1|^^^630/1/not|>2500|IU/ml||HH||F|||||E1<CR>C|1|I|26|I<CR>L|1|N<CR><ETX>D0<CR><LF>','2015-02-12 13:24:49'),
  (88,2,'H->M','ACK','2015-02-12 13:24:49'),
  (89,2,'H<-M','<STX>1H|^&|||cobas-e411^1|||||host|RSUPL^BATCH|P|1<CR>P|1<CR>O|1|37|12^0^1^^S1^SC|^^^630^1|R||20150212120412||||N||||1|||||||20150212122627|||F<CR>R|1|^^^630/1/not|>2500|IU/ml||HH||F|||||E1<CR>C|1|I|26|I<CR>L|1|N<CR><ETX>D0<CR><LF>','2015-02-12 13:25:44'),
  (90,2,'H->M','ACK','2015-02-12 13:25:45'),
  (91,2,'H<-M','EOT','2015-02-12 13:25:45'),
  (92,2,'H<-M','<STX>1H|^&|||cobas-e411^1|||||host|RSUPL^BATCH|P|1<CR>P|1<CR>O|1|37|12^0^1^^S1^SC|^^^630^1|R||20150212120412||||N||||1|||||||20150212122627|||F<CR>R|1|^^^630/1/not|>2500|IU/ml||HH||F|||||E1<CR>C|1|I|26|I<CR>L|1|N<CR><ETX>D0<CR><LF>','2015-02-12 13:26:44'),
  (93,2,'H->M','ACK','2015-02-12 13:26:44'),
  (94,2,'H<-M','<STX>1H|^&|||cobas-e411^1|||||host|RSUPL^BATCH|P|1<CR>P|1<CR>O|1|37|12^0^1^^S1^SC|^^^630^1|R||20150212120412||||N||||1|||||||20150212122627|||F<CR>R|1|^^^630/1/not|>2500|IU/ml||HH||F|||||E1<CR>C|1|I|26|I<CR>L|1|N<CR><ETX>D0<CR><LF>','2015-02-12 13:31:00'),
  (95,2,'H->M','ACK','2015-02-12 13:31:00'),
  (96,2,'H<-M','EOT','2015-02-12 13:31:00'),
  (97,2,'H<-M','<STX>1H|^&|||cobas-e411^1|||||host|RSUPL^BATCH|P|1<CR>P|1<CR>O|1|37|12^0^1^^S1^SC|^^^630^1|R||20150212120412||||N||||1|||||||20150212122627|||F<CR>R|1|^^^630/1/not|>2500|IU/ml||HH||F|||||E1<CR>C|1|I|26|I<CR>L|1|N<CR><ETX>D0<CR><LF>','2015-02-12 13:31:07'),
  (98,2,'H->M','ACK','2015-02-12 13:31:07'),
  (99,2,'H<-M','<STX>1H|^&|||cobas-e411^1|||||host|RSUPL^BATCH|P|1<CR>P|1<CR>O|1|37|12^0^1^^S1^SC|^^^630^1|R||20150212120412||||N||||1|||||||20150212122627|||F<CR>R|1|^^^630/1/not|>2500|IU/ml||HH||F|||||E1<CR>C|1|I|26|I<CR>L|1|N<CR><ETX>D0<CR><LF>','2015-02-12 13:57:04'),
  (100,2,'H->M','ACK','2015-02-12 13:57:04'),
  (101,2,'H<-M','EOT','2015-02-12 13:57:04'),
  (102,2,'H<-M','<STX>1H|^&|||cobas-e411^1|||||host|RSUPL^BATCH|P|1<CR>P|1<CR>O|1|37|12^0^1^^S1^SC|^^^630^1|R||20150212120412||||N||||1|||||||20150212122627|||F<CR>R|1|^^^630/1/not|>2500|IU/ml||HH||F|||||E1<CR>C|1|I|26|I<CR>L|1|N<CR><ETX>D0<CR><LF>','2015-02-12 13:57:12'),
  (103,2,'H->M','ACK','2015-02-12 13:57:12'),
  (104,2,'H<-M','EOT','2015-02-12 13:57:12'),
  (105,2,'H<-M','<STX>1H|^&|||cobas-e411^1|||||host|RSUPL^BATCH|P|1<CR>P|1<CR>O|1|37|12^0^1^^S1^SC|^^^630^1|R||20150212120412||||N||||1|||||||20150212122627|||F<CR>R|1|^^^630/1/not|>2500|IU/ml||HH||F|||||E1<CR>C|1|I|26|I<CR>L|1|N<CR><ETX>D0<CR><LF>','2015-02-12 13:57:43'),
  (106,2,'H->M','ACK','2015-02-12 13:57:43'),
  (107,2,'H<-M','EOT','2015-02-12 13:57:43'),
  (108,2,'H<-M','<STX>1H|^&|||cobas-e411^1|||||host|RSUPL^BATCH|P|1<CR>P|1<CR>O|1|606|9^0^9^^S1^SC|^^^111^1^^^750^1|R||20150212101907||||N||||1|||||||20150212105703|||F<CR>R|1|^^^111/1/not|15.13|nmol/l||N||F|||||E1<CR>R|2|^^^750/1/not|39.93|nmol/l||N||F|||||E1<CR>L|1|N<CR><ETX>3E<CR><LF>','2015-02-12 13:58:35'),
  (109,2,'H->M','ACK','2015-02-12 13:58:35'),
  (110,2,'H<-M','EOT','2015-02-12 13:58:35'),
  (111,2,'H<-M','<STX>1H|^&|||cobas-e411^1|||||host|RSUPL^BATCH|P|1<CR>P|1<CR>O|1|600|5^0^5^^S1^SC|^^^111^1^^^750^1^^^140^1|R||20150212101827||||N||||1|||||||20150212105251|||F<CR>R|1|^^^111/1/not|11.86|nmol/l||N||F|||||E1<CR>R|2|^^^750/1/not|21.60|nmol/l||N||F|||||E1<CR>R|3<ETB>05<CR><LF>','2015-02-12 13:59:21'),
  (112,2,'H->M','ACK','2015-02-12 13:59:21'),
  (113,2,'H<-M','<STX>1H|^&|||cobas-e411^1|||||host|RSUPL^BATCH|P|1<CR>P|1<CR>O|1|600|5^0^5^^S1^SC|^^^111^1^^^750^1^^^140^1|R||20150212101827||||N||||1|||||||20150212105251|||F<CR>R|1|^^^111/1/not|11.86|nmol/l||N||F|||||E1<CR>R|2|^^^750/1/not|21.60|nmol/l||N||F|||||E1<CR>R|3<ETB>05<CR><LF>','2015-02-12 14:03:18'),
  (114,2,'H<-M','<STX><STX>1H|^&|||cobas-e411^1|||||host|RSUPL^BATCH|P|1<CR>P|1<CR>O|1|600|5^0^5^^S1^SC|^^^111^1^^^750^1^^^140^1|R||20150212101827||||N||||1|||||||20150212105251|||F<CR>R|1|^^^111/1/not|11.86|nmol/l||N||F|||||E1<CR>R|2|^^^750/1/not|21.60|nmol/l||N||F|||||E1<CR>R|3<ETB>05<CR><LF>','2015-02-12 14:03:19'),
  (115,2,'H<-M','<STX><STX>1H|^&|||cobas-e411^1|||||host|RSUPL^BATCH|P|1<CR>P|1<CR>O|1|600|5^0^5^^S1^SC|^^^111^1^^^750^1^^^140^1|R||20150212101827||||N||||1|||||||20150212105251|||F<CR>R|1|^^^111/1/not|11.86|nmol/l||N||F|||||E1<CR>R|2|^^^750/1/not|21.60|nmol/l||N||F|||||E1<CR>R|3<ETB>05<CR><LF>','2015-02-12 14:03:19'),
  (116,2,'H<-M','<STX><STX>1H|^&|||cobas-e411^1|||||host|RSUPL^BATCH|P|1<CR>P|1<CR>O|1|600|5^0^5^^S1^SC|^^^111^1^^^750^1^^^140^1|R||20150212101827||||N||||1|||||||20150212105251|||F<CR>R|1|^^^111/1/not|11.86|nmol/l||N||F|||||E1<CR>R|2|^^^750/1/not|21.60|nmol/l||N||F|||||E1<CR>R|3<ETB>05<CR><LF>','2015-02-12 14:03:19'),
  (117,2,'H<-M','<STX><STX>1H|^&|||cobas-e411^1|||||host|RSUPL^BATCH|P|1<CR>P|1<CR>O|1|600|5^0^5^^S1^SC|^^^111^1^^^750^1^^^140^1|R||20150212101827||||N||||1|||||||20150212105251|||F<CR>R|1|^^^111/1/not|11.86|nmol/l||N||F|||||E1<CR>R|2|^^^750/1/not|21.60|nmol/l||N||F|||||E1<CR>R|3<ETB>05<CR><LF>','2015-02-12 14:03:20'),
  (118,2,'H<-M','<STX><STX>1H|^&|||cobas-e411^1|||||host|RSUPL^BATCH|P|1<CR>P|1<CR>O|1|600|5^0^5^^S1^SC|^^^111^1^^^750^1^^^140^1|R||20150212101827||||N||||1|||||||20150212105251|||F<CR>R|1|^^^111/1/not|11.86|nmol/l||N||F|||||E1<CR>R|2|^^^750/1/not|21.60|nmol/l||N||F|||||E1<CR>R|3<ETB>05<CR><LF>','2015-02-12 14:03:20'),
  (119,2,'H<-M','<STX>1H|^&|||cobas-e411^1|||||host|RSUPL^BATCH|P|1<CR>P|1<CR>O|1|600|5^0^5^^S1^SC|^^^111^1^^^750^1^^^140^1|R||20150212101827||||N||||1|||||||20150212105251|||F<CR>R|1|^^^111/1/not|11.86|nmol/l||N||F|||||E1<CR>R|2|^^^750/1/not|21.60|nmol/l||N||F|||||E1<CR>R|3<ETB>05<CR><LF>','2015-02-12 14:05:50'),
  (120,2,'H<-M','<STX><STX>1H|^&|||cobas-e411^1|||||host|RSUPL^BATCH|P|1<CR>P|1<CR>O|1|600|5^0^5^^S1^SC|^^^111^1^^^750^1^^^140^1|R||20150212101827||||N||||1|||||||20150212105251|||F<CR>R|1|^^^111/1/not|11.86|nmol/l||N||F|||||E1<CR>R|2|^^^750/1/not|21.60|nmol/l||N||F|||||E1<CR>R|3<ETB>05<CR><LF>','2015-02-12 14:05:50'),
  (121,2,'H<-M','<STX><STX>1H|^&|||cobas-e411^1|||||host|RSUPL^BATCH|P|1<CR>P|1<CR>O|1|600|5^0^5^^S1^SC|^^^111^1^^^750^1^^^140^1|R||20150212101827||||N||||1|||||||20150212105251|||F<CR>R|1|^^^111/1/not|11.86|nmol/l||N||F|||||E1<CR>R|2|^^^750/1/not|21.60|nmol/l||N||F|||||E1<CR>R|3<ETB>05<CR><LF>','2015-02-12 14:05:51'),
  (122,2,'H<-M','<STX><STX>1H|^&|||cobas-e411^1|||||host|RSUPL^BATCH|P|1<CR>P|1<CR>O|1|600|5^0^5^^S1^SC|^^^111^1^^^750^1^^^140^1|R||20150212101827||||N||||1|||||||20150212105251|||F<CR>R|1|^^^111/1/not|11.86|nmol/l||N||F|||||E1<CR>R|2|^^^750/1/not|21.60|nmol/l||N||F|||||E1<CR>R|3<ETB>05<CR><LF>','2015-02-12 14:05:51'),
  (123,2,'H<-M','<STX><STX>1H|^&|||cobas-e411^1|||||host|RSUPL^BATCH|P|1<CR>P|1<CR>O|1|600|5^0^5^^S1^SC|^^^111^1^^^750^1^^^140^1|R||20150212101827||||N||||1|||||||20150212105251|||F<CR>R|1|^^^111/1/not|11.86|nmol/l||N||F|||||E1<CR>R|2|^^^750/1/not|21.60|nmol/l||N||F|||||E1<CR>R|3<ETB>05<CR><LF>','2015-02-12 14:05:52'),
  (124,2,'H<-M','<STX><STX>1H|^&|||cobas-e411^1|||||host|RSUPL^BATCH|P|1<CR>P|1<CR>O|1|600|5^0^5^^S1^SC|^^^111^1^^^750^1^^^140^1|R||20150212101827||||N||||1|||||||20150212105251|||F<CR>R|1|^^^111/1/not|11.86|nmol/l||N||F|||||E1<CR>R|2|^^^750/1/not|21.60|nmol/l||N||F|||||E1<CR>R|3<ETB>05<CR><LF>','2015-02-12 14:05:52'),
  (125,2,'H<-M','<STX>1H|^&|||cobas-e411^1|||||host|RSUPL^BATCH|P|1<CR>P|1<CR>O|1|603|7^0^7^^S1^SC|^^^111^1|R||20150212101846||||N||||1|||||||20150212105457|||F<CR>R|1|^^^111/1/not|11.61|nmol/l||N||F|||||E1<CR>L|1|N<CR><ETX>C9<CR><LF>','2015-02-12 14:12:34'),
  (126,2,'H<-M','<STX><STX>1H|^&|||cobas-e411^1|||||host|RSUPL^BATCH|P|1<CR>P|1<CR>O|1|603|7^0^7^^S1^SC|^^^111^1|R||20150212101846||||N||||1|||||||20150212105457|||F<CR>R|1|^^^111/1/not|11.61|nmol/l||N||F|||||E1<CR>L|1|N<CR><ETX>C9<CR><LF>','2015-02-12 14:12:34'),
  (127,2,'H<-M','<STX><STX>1H|^&|||cobas-e411^1|||||host|RSUPL^BATCH|P|1<CR>P|1<CR>O|1|603|7^0^7^^S1^SC|^^^111^1|R||20150212101846||||N||||1|||||||20150212105457|||F<CR>R|1|^^^111/1/not|11.61|nmol/l||N||F|||||E1<CR>L|1|N<CR><ETX>C9<CR><LF>','2015-02-12 14:12:34'),
  (128,2,'H<-M','<STX><STX>1H|^&|||cobas-e411^1|||||host|RSUPL^BATCH|P|1<CR>P|1<CR>O|1|603|7^0^7^^S1^SC|^^^111^1|R||20150212101846||||N||||1|||||||20150212105457|||F<CR>R|1|^^^111/1/not|11.61|nmol/l||N||F|||||E1<CR>L|1|N<CR><ETX>C9<CR><LF>','2015-02-12 14:12:35'),
  (129,2,'H<-M','<STX><STX>1H|^&|||cobas-e411^1|||||host|RSUPL^BATCH|P|1<CR>P|1<CR>O|1|603|7^0^7^^S1^SC|^^^111^1|R||20150212101846||||N||||1|||||||20150212105457|||F<CR>R|1|^^^111/1/not|11.61|nmol/l||N||F|||||E1<CR>L|1|N<CR><ETX>C9<CR><LF>','2015-02-12 14:12:35'),
  (130,2,'H<-M','<STX><STX>1H|^&|||cobas-e411^1|||||host|RSUPL^BATCH|P|1<CR>P|1<CR>O|1|603|7^0^7^^S1^SC|^^^111^1|R||20150212101846||||N||||1|||||||20150212105457|||F<CR>R|1|^^^111/1/not|11.61|nmol/l||N||F|||||E1<CR>L|1|N<CR><ETX>C9<CR><LF>','2015-02-12 14:12:35'),
  (131,2,'H<-M','<STX>1H|^&|||cobas-e411^1|||||host|RSUPL^BATCH|P|1<CR>P|1<CR>O|1|603|7^0^7^^S1^SC|^^^111^1|R||20150212101846||||N||||1|||||||20150212105457|||F<CR>R|1|^^^111/1/not|11.61|nmol/l||N||F|||||E1<CR>L|1|N<CR><ETX>C9<CR><LF>','2015-02-12 14:15:10'),
  (132,2,'H->M','NACK','2015-02-12 14:15:10'),
  (133,2,'H<-M','<STX><STX>1H|^&|||cobas-e411^1|||||host|RSUPL^BATCH|P|1<CR>P|1<CR>O|1|603|7^0^7^^S1^SC|^^^111^1|R||20150212101846||||N||||1|||||||20150212105457|||F<CR>R|1|^^^111/1/not|11.61|nmol/l||N||F|||||E1<CR>L|1|N<CR><ETX>C9<CR><LF>','2015-02-12 14:15:11'),
  (134,2,'H->M','NACK','2015-02-12 14:15:11'),
  (135,2,'H<-M','<STX><STX>1H|^&|||cobas-e411^1|||||host|RSUPL^BATCH|P|1<CR>P|1<CR>O|1|603|7^0^7^^S1^SC|^^^111^1|R||20150212101846||||N||||1|||||||20150212105457|||F<CR>R|1|^^^111/1/not|11.61|nmol/l||N||F|||||E1<CR>L|1|N<CR><ETX>C9<CR><LF>','2015-02-12 14:15:11'),
  (136,2,'H->M','NACK','2015-02-12 14:15:11'),
  (137,2,'H<-M','<STX><STX>1H|^&|||cobas-e411^1|||||host|RSUPL^BATCH|P|1<CR>P|1<CR>O|1|603|7^0^7^^S1^SC|^^^111^1|R||20150212101846||||N||||1|||||||20150212105457|||F<CR>R|1|^^^111/1/not|11.61|nmol/l||N||F|||||E1<CR>L|1|N<CR><ETX>C9<CR><LF>','2015-02-12 14:15:11'),
  (138,2,'H->M','NACK','2015-02-12 14:15:11'),
  (139,2,'H<-M','<STX><STX>1H|^&|||cobas-e411^1|||||host|RSUPL^BATCH|P|1<CR>P|1<CR>O|1|603|7^0^7^^S1^SC|^^^111^1|R||20150212101846||||N||||1|||||||20150212105457|||F<CR>R|1|^^^111/1/not|11.61|nmol/l||N||F|||||E1<CR>L|1|N<CR><ETX>C9<CR><LF>','2015-02-12 14:15:11'),
  (140,2,'H->M','NACK','2015-02-12 14:15:12'),
  (141,2,'H<-M','<STX><STX>1H|^&|||cobas-e411^1|||||host|RSUPL^BATCH|P|1<CR>P|1<CR>O|1|603|7^0^7^^S1^SC|^^^111^1|R||20150212101846||||N||||1|||||||20150212105457|||F<CR>R|1|^^^111/1/not|11.61|nmol/l||N||F|||||E1<CR>L|1|N<CR><ETX>C9<CR><LF>','2015-02-12 14:15:12'),
  (142,2,'H->M','NACK','2015-02-12 14:15:12'),
  (143,2,'H<-M','<STX>1H|^&|||cobas-e411^1|||||host|RSUPL^BATCH|P|1<CR>P|1<CR>O|1|603|7^0^7^^S1^SC|^^^111^1|R||20150212101846||||N||||1|||||||20150212105457|||F<CR>R|1|^^^111/1/not|11.61|nmol/l||N||F|||||E1<CR>L|1|N<CR><ETX>C9<CR><LF>','2015-02-12 14:16:52'),
  (144,2,'H->M','ACK','2015-02-12 14:16:52'),
  (145,2,'H<-M','EOT','2015-02-12 14:16:52'),
  (146,2,'H<-M','<STX>1H|^&|||cobas-e411^1|||||host|RSUPL^BATCH|P|1<CR>P|1<CR>O|1|601|6^0^6^^S1^SC|^^^111^1^^^750^1|R||20150212101838||||N||||1|||||||20150212105415|||F<CR>R|1|^^^111/1/not|13.69|nmol/l||N||F|||||E1<CR>R|2|^^^750/1/not|18.64|nmol/l||N||F|||||E1<CR>L|1|N<CR><ETX>3A<CR><LF>','2015-02-12 14:17:19'),
  (147,2,'H->M','ACK','2015-02-12 14:17:19'),
  (148,2,'H<-M','EOT','2015-02-12 14:17:19'),
  (149,2,'H<-M','<STX>1H|^&|||cobas-e411^1|||||host|RSUPL^BATCH|P|1<CR>P|1<CR>O|1|600|5^0^5^^S1^SC|^^^111^1^^^750^1^^^140^1|R||20150212101827||||N||||1|||||||20150212105251|||F<CR>R|1|^^^111/1/not|11.86|nmol/l||N||F|||||E1<CR>R|2|^^^750/1/not|21.60|nmol/l||N||F|||||E1<CR>R|3<ETB>05<CR><LF>','2015-02-12 14:19:18'),
  (150,2,'H->M','ACK','2015-02-12 14:19:18'),
  (151,2,'H<-M','<STX>1H|^&|||cobas-e411^1|||||host|RSUPL^BATCH|P|1<CR>P|1<CR>O|1|600|5^0^5^^S1^SC|^^^111^1^^^750^1^^^140^1|R||20150212101827||||N||||1|||||||20150212105251|||F<CR>R|1|^^^111/1/not|11.86|nmol/l||N||F|||||E1<CR>R|2|^^^750/1/not|21.60|nmol/l||N||F|||||E1<CR>R|3<ETB>05<CR><LF>','2015-02-12 14:26:31'),
  (152,2,'H->M','ACK','2015-02-12 14:26:31'),
  (153,2,'H<-M','<STX>1H|^&|||cobas-e411^1|||||host|RSUPL^BATCH|P|1<CR>P|1<CR>O|1|600|5^0^5^^S1^SC|^^^111^1^^^750^1^^^140^1|R||20150212101827||||N||||1|||||||20150212105251|||F<CR>R|1|^^^111/1/not|11.86|nmol/l||N||F|||||E1<CR>R|2|^^^750/1/not|21.60|nmol/l||N||F|||||E1<CR>R|3<ETB>05<CR><LF>','2015-02-12 14:31:02'),
  (154,2,'H->M','ACK','2015-02-12 14:31:02'),
  (155,2,'H<-M','<STX>1H|^&|||cobas-e411^1|||||host|RSUPL^BATCH|P|1<CR>P|1<CR>O|1|600|5^0^5^^S1^SC|^^^111^1^^^750^1^^^140^1|R||20150212101827||||N||||1|||||||20150212105251|||F<CR>R|1|^^^111/1/not|11.86|nmol/l||N||F|||||E1<CR>R|2|^^^750/1/not|21.60|nmol/l||N||F|||||E1<CR>R|3<ETB>05<CR><LF>','2015-02-12 14:37:57'),
  (156,2,'H->M','ACK','2015-02-12 14:37:57'),
  (157,2,'H<-M','<STX>2|^^^140/1/not|5.37|mIU/ml||N||F|||||E1<CR>L|1|N<CR><ETX>5B<CR><LF>','2015-02-12 14:37:57'),
  (158,2,'H->M','ACK','2015-02-12 14:37:57'),
  (159,2,'H<-M','EOT','2015-02-12 14:37:57'),
  (160,2,'H<-M','<STX>1H|^&|||cobas-e411^1|||||host|RSUPL^BATCH|P|1<CR>P|1<CR>O|1|600|5^0^5^^S1^SC|^^^111^1^^^750^1^^^140^1|R||20150212101827||||N||||1|||||||20150212105251|||F<CR>R|1|^^^111/1/not|11.86|nmol/l||N||F|||||E1<CR>R|2|^^^750/1/not|21.60|nmol/l||N||F|||||E1<CR>R|3<ETB>05<CR><LF>','2015-02-12 14:42:57'),
  (161,2,'H->M','ACK','2015-02-12 14:42:57'),
  (162,2,'H<-M','<STX>2|^^^140/1/not|5.37|mIU/ml||N||F|||||E1<CR>L|1|N<CR><ETX>5B<CR><LF>','2015-02-12 14:42:57'),
  (163,2,'H->M','ACK','2015-02-12 14:42:57'),
  (164,2,'H<-M','EOT','2015-02-12 14:42:57'),
  (165,2,'H<-M','<STX>1H|^&|||cobas-e411^1|||||host|RSUPL^BATCH|P|1<CR>P|1<CR>O|1|600|5^0^5^^S1^SC|^^^111^1^^^750^1^^^140^1|R||20150212101827||||N||||1|||||||20150212105251|||F<CR>R|1|^^^111/1/not|11.86|nmol/l||N||F|||||E1<CR>R|2|^^^750/1/not|21.60|nmol/l||N||F|||||E1<CR>R|3<ETB>05<CR><LF>','2015-02-12 14:43:48'),
  (166,2,'H->M','ACK','2015-02-12 14:43:48'),
  (167,2,'H<-M','<STX>2|^^^140/1/not|5.37|mIU/ml||N||F|||||E1<CR>L|1|N<CR><ETX>5B<CR><LF>','2015-02-12 14:43:48'),
  (168,2,'H->M','ACK','2015-02-12 14:43:48'),
  (169,2,'H<-M','EOT','2015-02-12 14:43:48'),
  (170,2,'H<-M','<STX>1H|^&|||cobas-e411^1|||||host|RSUPL^BATCH|P|1<CR>P|1<CR>O|1|600|5^0^5^^S1^SC|^^^111^1^^^750^1^^^140^1|R||20150212101827||||N||||1|||||||20150212105251|||F<CR>R|1|^^^111/1/not|11.86|nmol/l||N||F|||||E1<CR>R|2|^^^750/1/not|21.60|nmol/l||N||F|||||E1<CR>R|3<ETB>05<CR><LF>','2015-02-12 14:51:41'),
  (171,2,'H->M','ACK','2015-02-12 14:51:41'),
  (172,2,'H<-M','<STX>2|^^^140/1/not|5.37|mIU/ml||N||F|||||E1<CR>L|1|N<CR><ETX>5B<CR><LF>','2015-02-12 14:51:41'),
  (173,2,'H->M','ACK','2015-02-12 14:51:41'),
  (174,2,'H<-M','EOT','2015-02-12 14:51:42'),
  (175,2,'H<-M','<STX>1H|^&|||cobas-e411^1|||||host|RSUPL^BATCH|P|1<CR>P|1<CR>O|1|600|5^0^5^^S1^SC|^^^111^1^^^750^1^^^140^1|R||20150212101827||||N||||1|||||||20150212105251|||F<CR>R|1|^^^111/1/not|11.86|nmol/l||N||F|||||E1<CR>R|2|^^^750/1/not|21.60|nmol/l||N||F|||||E1<CR>R|3<ETB>05<CR><LF>','2015-02-12 14:52:36'),
  (176,2,'H->M','ACK','2015-02-12 14:52:36'),
  (177,2,'H<-M','<STX>2|^^^140/1/not|5.37|mIU/ml||N||F|||||E1<CR>L|1|N<CR><ETX>5B<CR><LF>','2015-02-12 14:52:36'),
  (178,2,'H->M','ACK','2015-02-12 14:52:36'),
  (179,2,'H<-M','EOT','2015-02-12 14:52:36'),
  (180,2,'H<-M','<STX>1H|^&|||cobas-e411^1|||||host|RSUPL^BATCH|P|1<CR>P|1<CR>O|1|600|5^0^5^^S1^SC|^^^111^1^^^750^1^^^140^1|R||20150212101827||||N||||1|||||||20150212105251|||F<CR>R|1|^^^111/1/not|11.86|nmol/l||N||F|||||E1<CR>R|2|^^^750/1/not|21.60|nmol/l||N||F|||||E1<CR>R|3<ETB>05<CR><LF>','2015-02-12 14:55:44'),
  (181,2,'H->M','ACK','2015-02-12 14:55:44'),
  (182,2,'H<-M','<STX>2|^^^140/1/not|5.37|mIU/ml||N||F|||||E1<CR>L|1|N<CR><ETX>5B<CR><LF>','2015-02-12 14:55:44'),
  (183,2,'H->M','ACK','2015-02-12 14:55:44'),
  (184,2,'H<-M','EOT','2015-02-12 14:55:44'),
  (185,2,'H<-M','<STX>1H|^&|||cobas-e411^1|||||host|RSUPL^BATCH|P|1<CR>P|1<CR>O|1|600|5^0^5^^S1^SC|^^^111^1^^^750^1^^^140^1|R||20150212101827||||N||||1|||||||20150212105251|||F<CR>R|1|^^^111/1/not|11.86|nmol/l||N||F|||||E1<CR>R|2|^^^750/1/not|21.60|nmol/l||N||F|||||E1<CR>R|3<ETB>05<CR><LF>','2015-02-12 15:00:21'),
  (186,2,'H->M','ACK','2015-02-12 15:00:21'),
  (187,2,'H<-M','<STX>2|^^^140/1/not|5.37|mIU/ml||N||F|||||E1<CR>L|1|N<CR><ETX>5B<CR><LF>','2015-02-12 15:00:21'),
  (188,2,'H->M','ACK','2015-02-12 15:00:21'),
  (189,2,'H<-M','EOT','2015-02-12 15:00:21'),
  (190,2,'H<-M','<STX>1H|^&|||cobas-e411^1|||||host|RSUPL^BATCH|P|1<CR>P|1<CR>O|1|600|5^0^5^^S1^SC|^^^111^1^^^750^1^^^140^1|R||20150212101827||||N||||1|||||||20150212105251|||F<CR>R|1|^^^111/1/not|11.86|nmol/l||N||F|||||E1<CR>R|2|^^^750/1/not|21.60|nmol/l||N||F|||||E1<CR>R|3<ETB>05<CR><LF>','2015-02-12 15:02:13'),
  (191,2,'H->M','ACK','2015-02-12 15:02:14'),
  (192,2,'H<-M','<STX>2|^^^140/1/not|5.37|mIU/ml||N||F|||||E1<CR>L|1|N<CR><ETX>5B<CR><LF>','2015-02-12 15:02:14'),
  (193,2,'H->M','ACK','2015-02-12 15:02:14'),
  (194,2,'H<-M','EOT','2015-02-12 15:02:14'),
  (195,2,'H<-M','<STX>1H|^&|||cobas-e411^1|||||host|RSUPL^BATCH|P|1<CR>\rP|1<CR>\rO|1|600|5^0^5^^S1^SC|^^^111^1^^^750^1^^^140^1|R||20150212101827||||N||||1|||||||20150212105251|||F<CR>\rR|1|^^^111/1/not|11.86|nmol/l||N||F|||||E1<CR>\rR|2|^^^750/1/not|21.60|nmol/l||N||F|||||E1<CR>\rR|3<ETB>05<CR>\r<LF>','2015-02-12 15:04:02'),
  (196,2,'H->M','ACK','2015-02-12 15:04:02'),
  (197,2,'H<-M','<STX>2|^^^140/1/not|5.37|mIU/ml||N||F|||||E1<CR>\rL|1|N<CR>\r<ETX>5B<CR>\r<LF>','2015-02-12 15:04:02'),
  (198,2,'H->M','ACK','2015-02-12 15:04:02'),
  (199,2,'H<-M','EOT','2015-02-12 15:04:02'),
  (200,2,'H<-M','<STX>1H|^&|||cobas-e411^1|||||host|RSUPL^BATCH|P|1<CR>\rP|1<CR>\rO|1|600|5^0^5^^S1^SC|^^^111^1^^^750^1^^^140^1|R||20150212101827||||N||||1|||||||20150212105251|||F<CR>\rR|1|^^^111/1/not|11.86|nmol/l||N||F|||||E1<CR>\rR|2|^^^750/1/not|21.60|nmol/l||N||F|||||E1<CR>\rR|3<ETB>05<CR>\r<LF>','2015-02-12 15:06:48'),
  (201,2,'H->M','ACK','2015-02-12 15:06:48'),
  (202,2,'H<-M','<STX>2|^^^140/1/not|5.37|mIU/ml||N||F|||||E1<CR>\rL|1|N<CR>\r<ETX>5B<CR>\r<LF>','2015-02-12 15:06:48'),
  (203,2,'H->M','ACK','2015-02-12 15:06:48'),
  (204,2,'H<-M','EOT','2015-02-12 15:06:48'),
  (205,2,'H<-M','<STX>1H|^&|||cobas-e411^1|||||host|RSUPL^BATCH|P|1<CR>\rP|1<CR>\rO|1|600|5^0^5^^S1^SC|^^^111^1^^^750^1^^^140^1|R||20150212101827||||N||||1|||||||20150212105251|||F<CR>\rR|1|^^^111/1/not|11.86|nmol/l||N||F|||||E1<CR>\rR|2|^^^750/1/not|21.60|nmol/l||N||F|||||E1<CR>\rR|3<ETB>05<CR>\r<LF>','2015-02-12 15:09:35'),
  (206,2,'H->M','ACK','2015-02-12 15:09:36'),
  (207,2,'H<-M','<STX>2|^^^140/1/not|5.37|mIU/ml||N||F|||||E1<CR>\rL|1|N<CR>\r<ETX>5B<CR>\r<LF>','2015-02-12 15:09:36'),
  (208,2,'H->M','ACK','2015-02-12 15:09:36'),
  (209,2,'H<-M','EOT','2015-02-12 15:09:36'),
  (210,2,'H<-M','<STX>1H|^&|||cobas-e411^1|||||host|RSUPL^BATCH|P|1<CR>\rP|1<CR>\rO|1|600|5^0^5^^S1^SC|^^^111^1^^^750^1^^^140^1|R||20150212101827||||N||||1|||||||20150212105251|||F<CR>\rR|1|^^^111/1/not|11.86|nmol/l||N||F|||||E1<CR>\rR|2|^^^750/1/not|21.60|nmol/l||N||F|||||E1<CR>\rR|3<ETB>05<CR>\r<LF>','2015-02-12 15:16:21'),
  (211,2,'H->M','ACK','2015-02-12 15:16:21'),
  (212,2,'H<-M','<STX>2|^^^140/1/not|5.37|mIU/ml||N||F|||||E1<CR>\rL|1|N<CR>\r<ETX>5B<CR>\r<LF>','2015-02-12 15:16:22'),
  (213,2,'H->M','ACK','2015-02-12 15:16:22'),
  (214,2,'H<-M','EOT','2015-02-12 15:16:22'),
  (215,2,'H<-M','<STX>1H|^&|||cobas-e411^1|||||host|RSUPL^BATCH|P|1<CR>\rP|1<CR>\rO|1|600|5^0^5^^S1^SC|^^^111^1^^^750^1^^^140^1|R||20150212101827||||N||||1|||||||20150212105251|||F<CR>\rR|1|^^^111/1/not|11.86|nmol/l||N||F|||||E1<CR>\rR|2|^^^750/1/not|21.60|nmol/l||N||F|||||E1<CR>\rR|3<ETB>05<CR>\r<LF>','2015-02-12 15:17:51'),
  (216,2,'H->M','ACK','2015-02-12 15:17:51'),
  (217,2,'H<-M','<STX>2|^^^140/1/not|5.37|mIU/ml||N||F|||||E1<CR>\rL|1|N<CR>\r<ETX>5B<CR>\r<LF>','2015-02-12 15:17:52'),
  (218,2,'H->M','ACK','2015-02-12 15:17:52'),
  (219,2,'H<-M','EOT','2015-02-12 15:17:53'),
  (220,2,'H<-M','<STX>1H|^&|||cobas-e411^1|||||host|RSUPL^BATCH|P|1<CR>\rP|1<CR>\rO|1|13|1^0^1^^S1^SC|^^^4^1|R||20150212101744||||N||||1|||||||20150212104839|||F<CR>\rR|1|^^^4/1/not|0.484|nmol/l||N||F|||||E1<CR>\rL|1|N<CR>\r<ETX>D1<CR>\r<LF>','2015-02-13 11:45:11'),
  (221,2,'H->M','NACK','2015-02-13 11:45:12'),
  (222,2,'H<-M','<STX>1H|^&|||cobas-e411^1|||||host|^|P|1<CR>\rL|1|E<CR>\r<ETX>5C<CR>\r<LF>','2015-02-19 10:59:32'),
  (223,2,'H->M','NACK','2015-02-19 10:59:32'),
  (224,2,'H<-M','<STX>1H|^&|||cobas-e411^1|||||host|RSUPL^BATCH|P|1<CR>\rP|1<CR>\rO|1|8|1^0^1^^S1^SC|^^^80^1|R||20150219101656||||N||||1|||||||20150219104821|||F<CR>\rR|1|^^^80/1/not|28.31|pg/ml||N||F|||||E1<CR>\rL|1|N<CR>\r<ETX>A0<CR>\r<LF>','2015-02-19 11:09:21'),
  (225,2,'H->M','NACK','2015-02-19 11:09:21'),
  (226,2,'H<-M','<STX>1H|^&|||cobas-e411^1|||||host|RSUPL^BATCH|P|1<CR>\rP|1<CR>\rO|1|8|1^0^1^^S1^SC|^^^80^1|R||20150219101656||||N||||1|||||||20150219104821|||F<CR>\rR|1|^^^80/1/not|28.31|pg/ml||N||F|||||E1<CR>\rL|1|N<CR>\r<ETX>A0<CR>\r<LF>','2015-02-19 11:15:53'),
  (227,2,'H->M','NACK','2015-02-19 11:15:53'),
  (228,2,'H<-M','<STX>1H|^&|||cobas-e411^1|||||host|RSUPL^BATCH|P|1<CR>\rP|1<CR>\rO|1|8|1^0^1^^S1^SC|^^^80^1|R||20150219101656||||N||||1|||||||20150219104821|||F<CR>\rR|1|^^^80/1/not|28.31|pg/ml||N||F|||||E1<CR>\rL|1|N<CR>\r<ETX>A0<CR>\r<LF>','2015-02-19 11:23:14'),
  (229,2,'H->M','NACK','2015-02-19 11:23:14'),
  (230,2,'H<-M','<STX>1H|^&|||cobas-e411^1|||||host|RSUPL^BATCH|P|1<CR>\rP|1<CR>\rO|1|8|1^0^1^^S1^SC|^^^80^1|R||20150219101656||||N||||1|||||||20150219104821|||F<CR>\rR|1|^^^80/1/not|28.31|pg/ml||N||F|||||E1<CR>\rL|1|N<CR>\r<ETX>A0<CR>\r<LF>','2015-02-19 11:24:13'),
  (231,2,'H->M','NACK','2015-02-19 11:24:13'),
  (232,2,'H<-M','<STX>1H|^&|||cobas-e411^1|||||host|RSUPL^BATCH|P|1<CR>\rP|1<CR>\rO|1|8|1^0^1^^S1^SC|^^^80^1|R||20150219101656||||N||||1|||||||20150219104821|||F<CR>\rR|1|^^^80/1/not|28.31|pg/ml||N||F|||||E1<CR>\rL|1|N<CR>\r<ETX>A0<CR>\r<LF>','2015-02-19 11:26:13'),
  (233,2,'H->M','NACK','2015-02-19 11:26:13'),
  (234,2,'H<-M','<STX>1H|^&|||cobas-e411^1|||||host|RSUPL^BATCH|P|1<CR>\rP|1<CR>\rO|1|8|1^0^1^^S1^SC|^^^80^1|R||20150219101656||||N||||1|||||||20150219104821|||F<CR>\rR|1|^^^80/1/not|28.31|pg/ml||N||F|||||E1<CR>\rL|1|N<CR>\r<ETX>A0<CR>\r<LF>','2015-02-19 11:30:14'),
  (235,2,'H->M','NACK','2015-02-19 11:30:14'),
  (236,2,'H<-M','<STX>1H|^&|||cobas-e411^1|||||host|RSUPL^BATCH|P|1<CR>\rP|1<CR>\rO|1|8|1^0^1^^S1^SC|^^^80^1|R||20150219101656||||N||||1|||||||20150219104821|||F<CR>\rR|1|^^^80/1/not|28.31|pg/ml||N||F|||||E1<CR>\rL|1|N<CR>\r<ETX>A0<CR>\r<LF>','2015-02-19 11:30:15'),
  (237,2,'H->M','NACK','2015-02-19 11:30:15'),
  (238,2,'H<-M','<STX>1H|^&|||cobas-e411^1|||||host|RSUPL^BATCH|P|1<CR>\rP|1<CR>\rO|1|8|1^0^1^^S1^SC|^^^80^1|R||20150219101656||||N||||1|||||||20150219104821|||F<CR>\rR|1|^^^80/1/not|28.31|pg/ml||N||F|||||E1<CR>\rL|1|N<CR>\r<ETX>A0<CR>\r<LF>','2015-02-19 11:30:15'),
  (239,2,'H->M','NACK','2015-02-19 11:30:15'),
  (240,2,'H<-M','<STX>1H|^&|||cobas-e411^1|||||host|RSUPL^BATCH|P|1<CR>\rP|1<CR>\rO|1|8|1^0^1^^S1^SC|^^^80^1|R||20150219101656||||N||||1|||||||20150219104821|||F<CR>\rR|1|^^^80/1/not|28.31|pg/ml||N||F|||||E1<CR>\rL|1|N<CR>\r<ETX>A0<CR>\r<LF>','2015-02-19 11:30:15'),
  (241,2,'H->M','NACK','2015-02-19 11:30:15'),
  (242,2,'H<-M','<STX>1H|^&|||cobas-e411^1|||||host|RSUPL^BATCH|P|1<CR>\rP|1<CR>\rO|1|8|1^0^1^^S1^SC|^^^80^1|R||20150219101656||||N||||1|||||||20150219104821|||F<CR>\rR|1|^^^80/1/not|28.31|pg/ml||N||F|||||E1<CR>\rL|1|N<CR>\r<ETX>A0<CR>\r<LF>','2015-02-19 11:30:15'),
  (243,2,'H->M','NACK','2015-02-19 11:30:15'),
  (244,2,'H<-M','<STX>1H|^&|||cobas-e411^1|||||host|RSUPL^BATCH|P|1<CR>\rP|1<CR>\rO|1|8|1^0^1^^S1^SC|^^^80^1|R||20150219101656||||N||||1|||||||20150219104821|||F<CR>\rR|1|^^^80/1/not|28.31|pg/ml||N||F|||||E1<CR>\rL|1|N<CR>\r<ETX>A0<CR>\r<LF>','2015-02-19 11:30:16'),
  (245,2,'H->M','NACK','2015-02-19 11:30:16'),
  (246,2,'H<-M','<STX>1H|^&|||cobas-e411^1|||||host|RSUPL^BATCH|P|1<CR>\rP|1<CR>\rO|1|8|1^0^1^^S1^SC|^^^80^1|R||20150219101656||||N||||1|||||||20150219104821|||F<CR>\rR|1|^^^80/1/not|28.31|pg/ml||N||F|||||E1<CR>\rL|1|N<CR>\r<ETX>A0<CR>\r<LF>','2015-02-19 11:33:15'),
  (247,2,'H->M','NACK','2015-02-19 11:33:15'),
  (248,2,'H<-M','<STX>1H|^&|||cobas-e411^1|||||host|RSUPL^BATCH|P|1<CR>\rP|1<CR>\rO|1|8|1^0^1^^S1^SC|^^^80^1|R||20150219101656||||N||||1|||||||20150219104821|||F<CR>\rR|1|^^^80/1/not|28.31|pg/ml||N||F|||||E1<CR>\rL|1|N<CR>\r<ETX>A0<CR>\r<LF>','2015-02-19 11:33:16'),
  (249,2,'H->M','NACK','2015-02-19 11:33:16'),
  (250,2,'H<-M','<STX>1H|^&|||cobas-e411^1|||||host|RSUPL^BATCH|P|1<CR>\rP|1<CR>\rO|1|8|1^0^1^^S1^SC|^^^80^1|R||20150219101656||||N||||1|||||||20150219104821|||F<CR>\rR|1|^^^80/1/not|28.31|pg/ml||N||F|||||E1<CR>\rL|1|N<CR>\r<ETX>A0<CR>\r<LF>','2015-02-19 11:33:16'),
  (251,2,'H->M','NACK','2015-02-19 11:33:16'),
  (252,2,'H<-M','<STX>1H|^&|||cobas-e411^1|||||host|RSUPL^BATCH|P|1<CR>\rP|1<CR>\rO|1|8|1^0^1^^S1^SC|^^^80^1|R||20150219101656||||N||||1|||||||20150219104821|||F<CR>\rR|1|^^^80/1/not|28.31|pg/ml||N||F|||||E1<CR>\rL|1|N<CR>\r<ETX>A0<CR>\r<LF>','2015-02-19 11:33:16'),
  (253,2,'H->M','NACK','2015-02-19 11:33:16'),
  (254,2,'H<-M','<STX>1H|^&|||cobas-e411^1|||||host|RSUPL^BATCH|P|1<CR>\rP|1<CR>\rO|1|8|1^0^1^^S1^SC|^^^80^1|R||20150219101656||||N||||1|||||||20150219104821|||F<CR>\rR|1|^^^80/1/not|28.31|pg/ml||N||F|||||E1<CR>\rL|1|N<CR>\r<ETX>A0<CR>\r<LF>','2015-02-19 11:33:16'),
  (255,2,'H->M','NACK','2015-02-19 11:33:16'),
  (256,2,'H<-M','<STX>1H|^&|||cobas-e411^1|||||host|RSUPL^BATCH|P|1<CR>\rP|1<CR>\rO|1|8|1^0^1^^S1^SC|^^^80^1|R||20150219101656||||N||||1|||||||20150219104821|||F<CR>\rR|1|^^^80/1/not|28.31|pg/ml||N||F|||||E1<CR>\rL|1|N<CR>\r<ETX>A0<CR>\r<LF>','2015-02-19 11:33:16'),
  (257,2,'H->M','NACK','2015-02-19 11:33:17'),
  (258,2,'H<-M','<STX>1H|^&|||cobas-e411^1|||||host|RSUPL^BATCH|P|1<CR>\rP|1<CR>\rO|1|8|1^0^1^^S1^SC|^^^80^1|R||20150219101656||||N||||1|||||||20150219104821|||F<CR>\rR|1|^^^80/1/not|28.31|pg/ml||N||F|||||E1<CR>\rL|1|N<CR>\r<ETX>A0<CR>\r<LF>','2015-02-19 11:37:31'),
  (259,2,'H->M','NACK','2015-02-19 11:37:31'),
  (260,2,'H<-M','<STX>1H|^&|||cobas-e411^1|||||host|RSUPL^BATCH|P|1<CR>\rP|1<CR>\rO|1|8|1^0^1^^S1^SC|^^^80^1|R||20150219101656||||N||||1|||||||20150219104821|||F<CR>\rR|1|^^^80/1/not|28.31|pg/ml||N||F|||||E1<CR>\rL|1|N<CR>\r<ETX>A0<CR>\r<LF>','2015-02-19 11:37:31'),
  (261,2,'H->M','NACK','2015-02-19 11:37:31'),
  (262,2,'H<-M','<STX>1H|^&|||cobas-e411^1|||||host|RSUPL^BATCH|P|1<CR>\rP|1<CR>\rO|1|8|1^0^1^^S1^SC|^^^80^1|R||20150219101656||||N||||1|||||||20150219104821|||F<CR>\rR|1|^^^80/1/not|28.31|pg/ml||N||F|||||E1<CR>\rL|1|N<CR>\r<ETX>A0<CR>\r<LF>','2015-02-19 11:37:31'),
  (263,2,'H->M','NACK','2015-02-19 11:37:32'),
  (264,2,'H<-M','<STX>1H|^&|||cobas-e411^1|||||host|RSUPL^BATCH|P|1<CR>\rP|1<CR>\rO|1|8|1^0^1^^S1^SC|^^^80^1|R||20150219101656||||N||||1|||||||20150219104821|||F<CR>\rR|1|^^^80/1/not|28.31|pg/ml||N||F|||||E1<CR>\rL|1|N<CR>\r<ETX>A0<CR>\r<LF>','2015-02-19 11:37:32'),
  (265,2,'H->M','NACK','2015-02-19 11:37:32'),
  (266,2,'H<-M','<STX>1H|^&|||cobas-e411^1|||||host|RSUPL^BATCH|P|1<CR>\rP|1<CR>\rO|1|8|1^0^1^^S1^SC|^^^80^1|R||20150219101656||||N||||1|||||||20150219104821|||F<CR>\rR|1|^^^80/1/not|28.31|pg/ml||N||F|||||E1<CR>\rL|1|N<CR>\r<ETX>A0<CR>\r<LF>','2015-02-19 11:37:32'),
  (267,2,'H->M','NACK','2015-02-19 11:37:32'),
  (268,2,'H<-M','<STX>1H|^&|||cobas-e411^1|||||host|RSUPL^BATCH|P|1<CR>\rP|1<CR>\rO|1|8|1^0^1^^S1^SC|^^^80^1|R||20150219101656||||N||||1|||||||20150219104821|||F<CR>\rR|1|^^^80/1/not|28.31|pg/ml||N||F|||||E1<CR>\rL|1|N<CR>\r<ETX>A0<CR>\r<LF>','2015-02-19 11:37:32'),
  (269,2,'H->M','NACK','2015-02-19 11:37:32'),
  (270,2,'H<-M','<STX>1H|^&|||cobas-e411^1|||||host|RSUPL^BATCH|P|1<CR>\rP|1<CR>\rO|1|8|1^0^1^^S1^SC|^^^80^1|R||20150219101656||||N||||1|||||||20150219104821|||F<CR>\rR|1|^^^80/1/not|28.31|pg/ml||N||F|||||E1<CR>\rL|1|N<CR>\r<ETX>A0<CR>\r<LF>','2015-02-19 11:38:22'),
  (271,2,'H->M','NACK','2015-02-19 11:38:22'),
  (272,2,'H<-M','<STX>1H|^&|||cobas-e411^1|||||host|RSUPL^BATCH|P|1<CR>\rP|1<CR>\rO|1|8|1^0^1^^S1^SC|^^^80^1|R||20150219101656||||N||||1|||||||20150219104821|||F<CR>\rR|1|^^^80/1/not|28.31|pg/ml||N||F|||||E1<CR>\rL|1|N<CR>\r<ETX>A0<CR>\r<LF>','2015-02-19 11:38:22'),
  (273,2,'H->M','NACK','2015-02-19 11:38:22'),
  (274,2,'H<-M','<STX>1H|^&|||cobas-e411^1|||||host|RSUPL^BATCH|P|1<CR>\rP|1<CR>\rO|1|8|1^0^1^^S1^SC|^^^80^1|R||20150219101656||||N||||1|||||||20150219104821|||F<CR>\rR|1|^^^80/1/not|28.31|pg/ml||N||F|||||E1<CR>\rL|1|N<CR>\r<ETX>A0<CR>\r<LF>','2015-02-19 11:38:22'),
  (275,2,'H->M','NACK','2015-02-19 11:38:22'),
  (276,2,'H<-M','<STX>1H|^&|||cobas-e411^1|||||host|RSUPL^BATCH|P|1<CR>\rP|1<CR>\rO|1|8|1^0^1^^S1^SC|^^^80^1|R||20150219101656||||N||||1|||||||20150219104821|||F<CR>\rR|1|^^^80/1/not|28.31|pg/ml||N||F|||||E1<CR>\rL|1|N<CR>\r<ETX>A0<CR>\r<LF>','2015-02-19 11:38:22'),
  (277,2,'H->M','NACK','2015-02-19 11:38:22'),
  (278,2,'H<-M','<STX>1H|^&|||cobas-e411^1|||||host|RSUPL^BATCH|P|1<CR>\rP|1<CR>\rO|1|8|1^0^1^^S1^SC|^^^80^1|R||20150219101656||||N||||1|||||||20150219104821|||F<CR>\rR|1|^^^80/1/not|28.31|pg/ml||N||F|||||E1<CR>\rL|1|N<CR>\r<ETX>A0<CR>\r<LF>','2015-02-19 11:38:23'),
  (279,2,'H->M','NACK','2015-02-19 11:38:23'),
  (280,2,'H<-M','<STX>1H|^&|||cobas-e411^1|||||host|RSUPL^BATCH|P|1<CR>\rP|1<CR>\rO|1|8|1^0^1^^S1^SC|^^^80^1|R||20150219101656||||N||||1|||||||20150219104821|||F<CR>\rR|1|^^^80/1/not|28.31|pg/ml||N||F|||||E1<CR>\rL|1|N<CR>\r<ETX>A0<CR>\r<LF>','2015-02-19 11:38:23'),
  (281,2,'H->M','NACK','2015-02-19 11:38:23'),
  (282,2,'H<-M','<STX>1H|^&|||cobas-e411^1|||||host|RSUPL^BATCH|P|1<CR>\rP|1<CR>\rO|1|9|2^0^2^^S1^SC|^^^332^1|R||20150219101702||||N||||1|||||||20150219104945|||F<CR>\rR|1|^^^332/1/not|12.13|U/ml||N||F|||||E1<CR>\rL|1|N<CR>\r<ETX>79<CR>\r<LF>','2015-02-19 11:38:50'),
  (283,2,'H->M','NACK','2015-02-19 11:38:51'),
  (284,2,'H<-M','<STX>1H|^&|||cobas-e411^1|||||host|RSUPL^BATCH|P|1<CR>\rP|1<CR>\rO|1|9|2^0^2^^S1^SC|^^^332^1|R||20150219101702||||N||||1|||||||20150219104945|||F<CR>\rR|1|^^^332/1/not|12.13|U/ml||N||F|||||E1<CR>\rL|1|N<CR>\r<ETX>79<CR>\r<LF>','2015-02-19 11:38:51'),
  (285,2,'H->M','NACK','2015-02-19 11:38:51'),
  (286,2,'H<-M','<STX>1H|^&|||cobas-e411^1|||||host|RSUPL^BATCH|P|1<CR>\rP|1<CR>\rO|1|9|2^0^2^^S1^SC|^^^332^1|R||20150219101702||||N||||1|||||||20150219104945|||F<CR>\rR|1|^^^332/1/not|12.13|U/ml||N||F|||||E1<CR>\rL|1|N<CR>\r<ETX>79<CR>\r<LF>','2015-02-19 11:38:51'),
  (287,2,'H->M','NACK','2015-02-19 11:38:51'),
  (288,2,'H<-M','<STX>1H|^&|||cobas-e411^1|||||host|RSUPL^BATCH|P|1<CR>\rP|1<CR>\rO|1|9|2^0^2^^S1^SC|^^^332^1|R||20150219101702||||N||||1|||||||20150219104945|||F<CR>\rR|1|^^^332/1/not|12.13|U/ml||N||F|||||E1<CR>\rL|1|N<CR>\r<ETX>79<CR>\r<LF>','2015-02-19 11:38:51'),
  (289,2,'H->M','NACK','2015-02-19 11:38:51'),
  (290,2,'H<-M','<STX>1H|^&|||cobas-e411^1|||||host|RSUPL^BATCH|P|1<CR>\rP|1<CR>\rO|1|9|2^0^2^^S1^SC|^^^332^1|R||20150219101702||||N||||1|||||||20150219104945|||F<CR>\rR|1|^^^332/1/not|12.13|U/ml||N||F|||||E1<CR>\rL|1|N<CR>\r<ETX>79<CR>\r<LF>','2015-02-19 11:38:51'),
  (291,2,'H->M','NACK','2015-02-19 11:38:51'),
  (292,2,'H<-M','<STX>1H|^&|||cobas-e411^1|||||host|RSUPL^BATCH|P|1<CR>\rP|1<CR>\rO|1|9|2^0^2^^S1^SC|^^^332^1|R||20150219101702||||N||||1|||||||20150219104945|||F<CR>\rR|1|^^^332/1/not|12.13|U/ml||N||F|||||E1<CR>\rL|1|N<CR>\r<ETX>79<CR>\r<LF>','2015-02-19 11:38:52'),
  (293,2,'H->M','NACK','2015-02-19 11:38:52'),
  (294,2,'H<-M','<STX>1H|^&|||cobas-e411^1|||||host|RSUPL^BATCH|P|1<CR>\rP|1<CR>\rO|1|43|8^0^1^^S1^SC|^^^440^1|R||20150219114541||||N||||1|||||||20150219121156|||F<CR>\rR|1|^^^440/1/not|-1^0.101|COI||N||F|||||E1<CR>\rL|1|N<CR>\r<ETX>DF<CR>\r<LF>','2015-02-19 12:41:45'),
  (295,2,'H->M','NACK','2015-02-19 12:41:45'),
  (296,2,'H<-M','<STX>1H|^&|||cobas-e411^1|||||host|RSUPL^BATCH|P|1<CR>\rP|1<CR>\rO|1|43|8^0^1^^S1^SC|^^^440^1|R||20150219114541||||N||||1|||||||20150219121156|||F<CR>\rR|1|^^^440/1/not|-1^0.101|COI||N||F|||||E1<CR>\rL|1|N<CR>\r<ETX>DF<CR>\r<LF>','2015-02-19 12:41:45'),
  (297,2,'H->M','NACK','2015-02-19 12:41:45'),
  (298,2,'H<-M','<STX>1H|^&|||cobas-e411^1|||||host|RSUPL^BATCH|P|1<CR>\rP|1<CR>\rO|1|43|8^0^1^^S1^SC|^^^440^1|R||20150219114541||||N||||1|||||||20150219121156|||F<CR>\rR|1|^^^440/1/not|-1^0.101|COI||N||F|||||E1<CR>\rL|1|N<CR>\r<ETX>DF<CR>\r<LF>','2015-02-19 12:41:46'),
  (299,2,'H->M','NACK','2015-02-19 12:41:46'),
  (300,2,'H<-M','<STX>1H|^&|||cobas-e411^1|||||host|RSUPL^BATCH|P|1<CR>\rP|1<CR>\rO|1|43|8^0^1^^S1^SC|^^^440^1|R||20150219114541||||N||||1|||||||20150219121156|||F<CR>\rR|1|^^^440/1/not|-1^0.101|COI||N||F|||||E1<CR>\rL|1|N<CR>\r<ETX>DF<CR>\r<LF>','2015-02-19 12:41:46'),
  (301,2,'H->M','NACK','2015-02-19 12:41:46'),
  (302,2,'H<-M','<STX>1H|^&|||cobas-e411^1|||||host|RSUPL^BATCH|P|1<CR>\rP|1<CR>\rO|1|43|8^0^1^^S1^SC|^^^440^1|R||20150219114541||||N||||1|||||||20150219121156|||F<CR>\rR|1|^^^440/1/not|-1^0.101|COI||N||F|||||E1<CR>\rL|1|N<CR>\r<ETX>DF<CR>\r<LF>','2015-02-19 12:41:46'),
  (303,2,'H->M','NACK','2015-02-19 12:41:46'),
  (304,2,'H<-M','<STX>1H|^&|||cobas-e411^1|||||host|RSUPL^BATCH|P|1<CR>\rP|1<CR>\rO|1|43|8^0^1^^S1^SC|^^^440^1|R||20150219114541||||N||||1|||||||20150219121156|||F<CR>\rR|1|^^^440/1/not|-1^0.101|COI||N||F|||||E1<CR>\rL|1|N<CR>\r<ETX>DF<CR>\r<LF>','2015-02-19 12:41:46'),
  (305,2,'H->M','NACK','2015-02-19 12:41:46'),
  (306,2,'H<-M','<STX>1H|^&|||cobas-e411^1|||||host|RSUPL^BATCH|P|1<CR>\rP|1<CR>\rO|1|43|8^0^1^^S1^SC|^^^440^1|R||20150219114541||||N||||1|||||||20150219121156|||F<CR>\rR|1|^^^440/1/not|-1^0.101|COI||N||F|||||E1<CR>\rL|1|N<CR>\r<ETX>DF<CR>\r<LF>','2015-02-19 12:44:29'),
  (307,2,'H->M','NACK','2015-02-19 12:44:29'),
  (308,2,'H<-M','<STX>1H|^&|||cobas-e411^1|||||host|RSUPL^BATCH|P|1<CR>\rP|1<CR>\rO|1|43|8^0^1^^S1^SC|^^^440^1|R||20150219114541||||N||||1|||||||20150219121156|||F<CR>\rR|1|^^^440/1/not|-1^0.101|COI||N||F|||||E1<CR>\rL|1|N<CR>\r<ETX>DF<CR>\r<LF>','2015-02-19 12:44:29'),
  (309,2,'H->M','NACK','2015-02-19 12:44:30'),
  (310,2,'H<-M','<STX>1H|^&|||cobas-e411^1|||||host|RSUPL^BATCH|P|1<CR>\rP|1<CR>\rO|1|43|8^0^1^^S1^SC|^^^440^1|R||20150219114541||||N||||1|||||||20150219121156|||F<CR>\rR|1|^^^440/1/not|-1^0.101|COI||N||F|||||E1<CR>\rL|1|N<CR>\r<ETX>DF<CR>\r<LF>','2015-02-19 12:44:31'),
  (311,2,'H->M','NACK','2015-02-19 12:44:31'),
  (312,2,'H<-M','<STX>1H|^&|||cobas-e411^1|||||host|RSUPL^BATCH|P|1<CR>\rP|1<CR>\rO|1|43|8^0^1^^S1^SC|^^^440^1|R||20150219114541||||N||||1|||||||20150219121156|||F<CR>\rR|1|^^^440/1/not|-1^0.101|COI||N||F|||||E1<CR>\rL|1|N<CR>\r<ETX>DF<CR>\r<LF>','2015-02-19 12:44:31'),
  (313,2,'H->M','NACK','2015-02-19 12:44:31'),
  (314,2,'H<-M','<STX>1H|^&|||cobas-e411^1|||||host|RSUPL^BATCH|P|1<CR>\rP|1<CR>\rO|1|43|8^0^1^^S1^SC|^^^440^1|R||20150219114541||||N||||1|||||||20150219121156|||F<CR>\rR|1|^^^440/1/not|-1^0.101|COI||N||F|||||E1<CR>\rL|1|N<CR>\r<ETX>DF<CR>\r<LF>','2015-02-19 12:44:31'),
  (315,2,'H->M','NACK','2015-02-19 12:44:31'),
  (316,2,'H<-M','<STX>1H|^&|||cobas-e411^1|||||host|RSUPL^BATCH|P|1<CR>\rP|1<CR>\rO|1|43|8^0^1^^S1^SC|^^^440^1|R||20150219114541||||N||||1|||||||20150219121156|||F<CR>\rR|1|^^^440/1/not|-1^0.101|COI||N||F|||||E1<CR>\rL|1|N<CR>\r<ETX>DF<CR>\r<LF>','2015-02-19 12:44:32'),
  (317,2,'H->M','NACK','2015-02-19 12:44:32'),
  (318,2,'H<-M','<STX>1H|^&|||cobas-e411^1|||||host|RSUPL^BATCH|P|1<CR>\rP|1<CR>\rO|1|43|8^0^1^^S1^SC|^^^440^1|R||20150219114541||||N||||1|||||||20150219121156|||F<CR>\rR|1|^^^440/1/not|-1^0.101|COI||N||F|||||E1<CR>\rL|1|N<CR>\r<ETX>DF<CR>\r<LF>','2015-02-19 12:51:26'),
  (319,2,'H->M','NACK','2015-02-19 12:51:26'),
  (320,2,'H<-M','<STX>1H|^&|||cobas-e411^1|||||host|RSUPL^BATCH|P|1<CR>\rP|1<CR>\rO|1|43|8^0^1^^S1^SC|^^^440^1|R||20150219114541||||N||||1|||||||20150219121156|||F<CR>\rR|1|^^^440/1/not|-1^0.101|COI||N||F|||||E1<CR>\rL|1|N<CR>\r<ETX>DF<CR>\r<LF>','2015-02-19 12:51:26'),
  (321,2,'H->M','NACK','2015-02-19 12:51:26'),
  (322,2,'H<-M','<STX>1H|^&|||cobas-e411^1|||||host|RSUPL^BATCH|P|1<CR>\rP|1<CR>\rO|1|43|8^0^1^^S1^SC|^^^440^1|R||20150219114541||||N||||1|||||||20150219121156|||F<CR>\rR|1|^^^440/1/not|-1^0.101|COI||N||F|||||E1<CR>\rL|1|N<CR>\r<ETX>DF<CR>\r<LF>','2015-02-19 12:51:26'),
  (323,2,'H->M','NACK','2015-02-19 12:51:26'),
  (324,2,'H<-M','<STX>1H|^&|||cobas-e411^1|||||host|RSUPL^BATCH|P|1<CR>\rP|1<CR>\rO|1|43|8^0^1^^S1^SC|^^^440^1|R||20150219114541||||N||||1|||||||20150219121156|||F<CR>\rR|1|^^^440/1/not|-1^0.101|COI||N||F|||||E1<CR>\rL|1|N<CR>\r<ETX>DF<CR>\r<LF>','2015-02-19 12:51:26'),
  (325,2,'H->M','NACK','2015-02-19 12:51:26'),
  (326,2,'H<-M','<STX>1H|^&|||cobas-e411^1|||||host|RSUPL^BATCH|P|1<CR>\rP|1<CR>\rO|1|43|8^0^1^^S1^SC|^^^440^1|R||20150219114541||||N||||1|||||||20150219121156|||F<CR>\rR|1|^^^440/1/not|-1^0.101|COI||N||F|||||E1<CR>\rL|1|N<CR>\r<ETX>DF<CR>\r<LF>','2015-02-19 12:51:26'),
  (327,2,'H->M','NACK','2015-02-19 12:51:26'),
  (328,2,'H<-M','<STX>1H|^&|||cobas-e411^1|||||host|RSUPL^BATCH|P|1<CR>\rP|1<CR>\rO|1|43|8^0^1^^S1^SC|^^^440^1|R||20150219114541||||N||||1|||||||20150219121156|||F<CR>\rR|1|^^^440/1/not|-1^0.101|COI||N||F|||||E1<CR>\rL|1|N<CR>\r<ETX>DF<CR>\r<LF>','2015-02-19 12:51:27'),
  (329,2,'H->M','NACK','2015-02-19 12:51:27'),
  (330,2,'H<-M','<STX>1H|^&|||cobas-e411^1|||||host|RSUPL^BATCH|P|1<CR>\rP|1<CR>\rO|1|43|8^0^1^^S1^SC|^^^440^1|R||20150219114541||||N||||1|||||||20150219121156|||F<CR>\rR|1|^^^440/1/not|-1^0.101|COI||N||F|||||E1<CR>\rL|1|N<CR>\r<ETX>DF<CR>\r<LF>','2015-02-19 12:54:49'),
  (331,2,'H->M','NACK','2015-02-19 12:54:49'),
  (332,2,'H<-M','<STX>1H|^&|||cobas-e411^1|||||host|RSUPL^BATCH|P|1<CR>\rP|1<CR>\rO|1|43|8^0^1^^S1^SC|^^^440^1|R||20150219114541||||N||||1|||||||20150219121156|||F<CR>\rR|1|^^^440/1/not|-1^0.101|COI||N||F|||||E1<CR>\rL|1|N<CR>\r<ETX>DF<CR>\r<LF>','2015-02-19 12:54:49'),
  (333,2,'H->M','NACK','2015-02-19 12:54:49'),
  (334,2,'H<-M','<STX>1H|^&|||cobas-e411^1|||||host|RSUPL^BATCH|P|1<CR>\rP|1<CR>\rO|1|43|8^0^1^^S1^SC|^^^440^1|R||20150219114541||||N||||1|||||||20150219121156|||F<CR>\rR|1|^^^440/1/not|-1^0.101|COI||N||F|||||E1<CR>\rL|1|N<CR>\r<ETX>DF<CR>\r<LF>','2015-02-19 12:54:50'),
  (335,2,'H->M','NACK','2015-02-19 12:54:50'),
  (336,2,'H<-M','<STX>1H|^&|||cobas-e411^1|||||host|RSUPL^BATCH|P|1<CR>\rP|1<CR>\rO|1|43|8^0^1^^S1^SC|^^^440^1|R||20150219114541||||N||||1|||||||20150219121156|||F<CR>\rR|1|^^^440/1/not|-1^0.101|COI||N||F|||||E1<CR>\rL|1|N<CR>\r<ETX>DF<CR>\r<LF>','2015-02-19 12:54:50'),
  (337,2,'H->M','NACK','2015-02-19 12:54:50'),
  (338,2,'H<-M','<STX>1H|^&|||cobas-e411^1|||||host|RSUPL^BATCH|P|1<CR>\rP|1<CR>\rO|1|43|8^0^1^^S1^SC|^^^440^1|R||20150219114541||||N||||1|||||||20150219121156|||F<CR>\rR|1|^^^440/1/not|-1^0.101|COI||N||F|||||E1<CR>\rL|1|N<CR>\r<ETX>DF<CR>\r<LF>','2015-02-19 12:54:50'),
  (339,2,'H->M','NACK','2015-02-19 12:54:50'),
  (340,2,'H<-M','<STX>1H|^&|||cobas-e411^1|||||host|RSUPL^BATCH|P|1<CR>\rP|1<CR>\rO|1|43|8^0^1^^S1^SC|^^^440^1|R||20150219114541||||N||||1|||||||20150219121156|||F<CR>\rR|1|^^^440/1/not|-1^0.101|COI||N||F|||||E1<CR>\rL|1|N<CR>\r<ETX>DF<CR>\r<LF>','2015-02-19 12:54:50'),
  (341,2,'H->M','NACK','2015-02-19 12:54:50'),
  (342,2,'H<-M','<STX>1H|^&|||cobas-e411^1|||||host|RSUPL^BATCH|P|1<CR>\rP|1<CR>\rO|1|43|8^0^1^^S1^SC|^^^440^1|R||20150219114541||||N||||1|||||||20150219121156|||F<CR>\rR|1|^^^440/1/not|-1^0.101|COI||N||F|||||E1<CR>\rL|1|N<CR>\r<ETX>DF<CR>\r<LF>','2015-02-19 12:56:13'),
  (343,2,'H->M','NACK','2015-02-19 12:56:13'),
  (344,2,'H<-M','<STX>1H|^&|||cobas-e411^1|||||host|RSUPL^BATCH|P|1<CR>\rP|1<CR>\rO|1|43|8^0^1^^S1^SC|^^^440^1|R||20150219114541||||N||||1|||||||20150219121156|||F<CR>\rR|1|^^^440/1/not|-1^0.101|COI||N||F|||||E1<CR>\rL|1|N<CR>\r<ETX>DF<CR>\r<LF>','2015-02-19 12:56:13'),
  (345,2,'H->M','NACK','2015-02-19 12:56:13'),
  (346,2,'H<-M','<STX>1H|^&|||cobas-e411^1|||||host|RSUPL^BATCH|P|1<CR>\rP|1<CR>\rO|1|43|8^0^1^^S1^SC|^^^440^1|R||20150219114541||||N||||1|||||||20150219121156|||F<CR>\rR|1|^^^440/1/not|-1^0.101|COI||N||F|||||E1<CR>\rL|1|N<CR>\r<ETX>DF<CR>\r<LF>','2015-02-19 12:56:14'),
  (347,2,'H->M','NACK','2015-02-19 12:56:14'),
  (348,2,'H<-M','<STX>1H|^&|||cobas-e411^1|||||host|RSUPL^BATCH|P|1<CR>\rP|1<CR>\rO|1|43|8^0^1^^S1^SC|^^^440^1|R||20150219114541||||N||||1|||||||20150219121156|||F<CR>\rR|1|^^^440/1/not|-1^0.101|COI||N||F|||||E1<CR>\rL|1|N<CR>\r<ETX>DF<CR>\r<LF>','2015-02-19 12:56:14'),
  (349,2,'H->M','NACK','2015-02-19 12:56:14'),
  (350,2,'H<-M','<STX>1H|^&|||cobas-e411^1|||||host|RSUPL^BATCH|P|1<CR>\rP|1<CR>\rO|1|43|8^0^1^^S1^SC|^^^440^1|R||20150219114541||||N||||1|||||||20150219121156|||F<CR>\rR|1|^^^440/1/not|-1^0.101|COI||N||F|||||E1<CR>\rL|1|N<CR>\r<ETX>DF<CR>\r<LF>','2015-02-19 12:56:14'),
  (351,2,'H->M','NACK','2015-02-19 12:56:14'),
  (352,2,'H<-M','<STX>1H|^&|||cobas-e411^1|||||host|RSUPL^BATCH|P|1<CR>\rP|1<CR>\rO|1|43|8^0^1^^S1^SC|^^^440^1|R||20150219114541||||N||||1|||||||20150219121156|||F<CR>\rR|1|^^^440/1/not|-1^0.101|COI||N||F|||||E1<CR>\rL|1|N<CR>\r<ETX>DF<CR>\r<LF>','2015-02-19 12:56:14'),
  (353,2,'H->M','NACK','2015-02-19 12:56:14'),
  (354,2,'H<-M','<STX>1H|^&|||cobas-e411^1|||||host|RSUPL^BATCH|P|1<CR>\rP|1<CR>\rO|1|43|8^0^1^^S1^SC|^^^440^1|R||20150219114541||||N||||1|||||||20150219121156|||F<CR>\rR|1|^^^440/1/not|-1^0.101|COI||N||F|||||E1<CR>\rL|1|N<CR>\r<ETX>DF<CR>\r<LF>','2015-02-19 12:58:32'),
  (355,2,'H->M','ACK','2015-02-19 12:58:32'),
  (356,2,'H<-M','EOT','2015-02-19 12:58:32'),
  (357,2,'H<-M','<STX>1H|^&|||cobas-e411^1|||||host|RSUPL^BATCH|P|1<CR>\rP|1<CR>\rO|1|43|8^0^1^^S1^SC|^^^440^1|R||20150219114541||||N||||1|||||||20150219121156|||F<CR>\rR|1|^^^440/1/not|-1^0.101|COI||N||F|||||E1<CR>\rL|1|N<CR>\r<ETX>DF<CR>\r<LF>','2015-02-19 13:03:45'),
  (358,2,'H->M','ACK','2015-02-19 13:03:45'),
  (359,2,'H<-M','EOT','2015-02-19 13:03:45'),
  (360,2,'H<-M','<STX>1H|^&|||cobas-e411^1|||||host|RSUPL^BATCH|P|1<CR>\rP|1<CR>\rO|1|8|1^0^1^^S1^SC|^^^80^1|R||20150219101656||||N||||1|||||||20150219104821|||F<CR>\rR|1|^^^80/1/not|28.31|pg/ml||N||F|||||E1<CR>\rL|1|N<CR>\r<ETX>A0<CR>\r<LF>','2015-02-19 13:04:36'),
  (361,2,'H->M','ACK','2015-02-19 13:04:36'),
  (362,2,'H<-M','EOT','2015-02-19 13:04:36'),
  (363,2,'H<-M','<STX>1H|^&|||cobas-e411^1|||||host|RSUPL^BATCH|P|1<CR>\rP|1<CR>\rO|1|9|2^0^2^^S1^SC|^^^332^1|R||20150219101702||||N||||1|||||||20150219104945|||F<CR>\rR|1|^^^332/1/not|12.13|U/ml||N||F|||||E1<CR>\rL|1|N<CR>\r<ETX>79<CR>\r<LF>','2015-02-19 13:04:39'),
  (364,2,'H->M','ACK','2015-02-19 13:04:39'),
  (365,2,'H<-M','EOT','2015-02-19 13:04:39'),
  (366,2,'H<-M','<STX>1H|^&|||cobas-e411^1|||||host|RSUPL^BATCH|P|1<CR>\rP|1<CR>\rO|1|59|3^0^3^^S1^SC|^^^630^1|R||20150219101709||||N||||1|||||||20150219105027|||F<CR>\rR|1|^^^630/1/not|25.38|IU/ml||N||F|||||E1<CR>\rL|1|N<CR>\r<ETX>05<CR>\r<LF>','2015-02-19 13:04:42'),
  (367,2,'H->M','ACK','2015-02-19 13:04:42'),
  (368,2,'H<-M','EOT','2015-02-19 13:04:42'),
  (369,2,'H->M','ENQ','2015-02-19 13:30:03'),
  (370,2,'H->M','ENQ','2015-02-19 13:30:51'),
  (371,2,'H->M','ENQ','2015-02-19 13:32:49'),
  (372,2,'H<-M','ACK','2015-02-19 13:33:16'),
  (373,2,'H->M','<STX>1H|^&|||host^1|||||cobas-e411|TSDWN^REPLY|P|1<CR>\rP|1<CR>\rO|1|8|1^0^1^^S1^SC|^^^21^1|R||||||A||||1||||||||||O<CR>\rL|1|N<CR>\r<ETX>0D<CR>\r<LF>','2015-02-19 13:33:16'),
  (374,2,'H->M','EOT','2015-02-19 13:33:16'),
  (375,2,'H<-M','ACK','2015-02-19 13:33:16'),
  (376,2,'H->M','<STX>1H|^&|||host^1|||||cobas-e411|TSDWN^REPLY|P|1<CR>\rP|1<CR>\rO|1|8|1^0^1^^S1^SC|^^^21^1|R||||||A||||1||||||||||O<CR>\rL|1|N<CR>\r<ETX>0D<CR>\r<LF>','2015-02-19 13:33:16'),
  (377,2,'H->M','ENQ','2015-02-19 13:39:36'),
  (378,2,'H<-M','ACK','2015-02-19 13:40:04'),
  (379,2,'H->M','<STX>1H|^&|||host^1|||||cobas-e411|TSDWN^REPLY|P|1<CR>\rP|1<CR>\rO|1|8|1^0^1^^S1^SC|^^^21^1|R||||||A||||1||||||||||O<CR>\rL|1|N<CR>\r<ETX>0D<CR>\r<LF>','2015-02-19 13:40:04'),
  (380,2,'H<-M','ACK','2015-02-19 13:40:04'),
  (381,2,'H->M','EOT','2015-02-19 13:40:04'),
  (382,2,'H->M','ENQ','2015-02-19 13:45:25'),
  (383,2,'H<-M','ACK','2015-02-19 13:45:52'),
  (384,2,'H->M','<STX>1H|^&|||host^1|||||cobas-e411|TSDWN^REPLY|P|1<CR>\rP|1<CR>\rO|1|8|1^0^1^^S1^SC|^^^21^1|R||||||A||||1||||||||||O<CR>\rL|1|N<CR>\r<ETX>0D<CR>\r<LF>','2015-02-19 13:45:52'),
  (385,2,'H<-M','ACK','2015-02-19 13:45:52'),
  (386,2,'H->M','EOT','2015-02-19 13:45:53'),
  (387,2,'H->M','ENQ','2015-02-19 13:49:32'),
  (388,2,'H<-M','ACK','2015-02-19 13:49:59'),
  (389,2,'H->M','<STX>1H|^&|||host^1|||||cobas-e411|TSDWN^REPLY|P|1<CR>\rP|1<CR>\rO|1|8|1^0^1^^S1^SC|^^^21^1|R||||||A||||1||||||||||O<CR>\rL|1|N<CR>\r<ETX>0D<CR>\r<LF>','2015-02-19 13:50:00'),
  (390,2,'H<-M','ACK','2015-02-19 13:50:00'),
  (391,2,'H->M','EOT','2015-02-19 13:50:00'),
  (392,2,'H->M','ENQ','2015-02-19 13:53:06'),
  (393,2,'H<-M','ACK','2015-02-19 13:53:33'),
  (394,2,'H->M','<STX>1H|^&|||host^1|||||cobas-e411|TSDWN^REPLY|P|1<CR>\rP|1<CR>\rO|1|8|1^0^1^^S1^SC|^^^21^1|R||||||A||||1||||||||||O<CR>\rL|1|N<CR>\r<ETX>0D<CR>\r<LF>','2015-02-19 13:53:33'),
  (395,2,'H<-M','ACK','2015-02-19 13:53:33'),
  (396,2,'H->M','EOT','2015-02-19 13:53:33'),
  (397,2,'H->M','ENQ','2015-02-19 13:55:06'),
  (398,2,'H<-M','ACK','2015-02-19 13:55:33'),
  (399,2,'H->M','<STX>1H|^&|||host^1|||||cobas-e411|TSDWN^REPLY|P|1<CR>\rP|1<CR>\rO|1|8|1^0^1^^S1^SC|^^^21^1|R||||||A||||1||||||||||O<CR>\rL|1|N<CR>\r<ETX>0D<CR>\r<LF>','2015-02-19 13:55:33'),
  (400,2,'H<-M','ACK','2015-02-19 13:55:33'),
  (401,2,'H->M','EOT','2015-02-19 13:55:33'),
  (402,2,'H->M','ENQ','2015-02-19 13:56:18'),
  (403,2,'H<-M','ACK','2015-02-19 13:56:45'),
  (404,2,'H->M','<STX>1H|^&|||host^1|||||cobas-e411|TSDWN^REPLY|P|1<CR>\rP|1<CR>\rO|1|8|1^0^1^^S1^SC|^^^21^1|R||||||A||||1||||||||||O<CR>\rL|1|N<CR>\r<ETX>0D<CR>\r<LF>','2015-02-19 13:56:45'),
  (405,2,'H<-M','ACK','2015-02-19 13:56:45'),
  (406,2,'H->M','EOT','2015-02-19 13:56:45'),
  (407,2,'H->M','ENQ','2015-02-19 13:56:51'),
  (408,2,'H->M','ENQ','2015-02-19 13:59:51'),
  (409,2,'H<-M','ACK','2015-02-19 14:00:18'),
  (410,2,'H->M','<STX>1H|^&|||host^1|||||cobas-e411|TSDWN^REPLY|P|1<CR>\rP|1<CR>\rO|1|8|1^0^1^^S1^SC|^^^21^1|R||||||A||||1||||||||||O<CR>\rL|1|N<CR>\r<ETX>0D<CR>\r<LF>','2015-02-19 14:00:18'),
  (411,2,'H<-M','ACK','2015-02-19 14:00:19'),
  (412,2,'H->M','EOT','2015-02-19 14:00:19'),
  (413,2,'H->M','ENQ','2015-02-19 14:00:25'),
  (414,2,'H<-M','ACK','2015-02-19 14:00:53'),
  (415,2,'H->M','<STX>1H|^&|||host^1|||||cobas-e411|TSDWN^REPLY|P|1<CR>\rP|1<CR>\rO|1|8|1^0^1^^S1^SC|^^^21^1|R||||||A||||1||||||||||O<CR>\rL|1|N<CR>\r<ETX>0D<CR>\r<LF>','2015-02-19 14:00:53'),
  (416,2,'H<-M','ACK','2015-02-19 14:00:53'),
  (417,2,'H->M','EOT','2015-02-19 14:00:53'),
  (418,2,'H->M','ENQ','2015-02-19 14:00:59'),
  (419,2,'H->M','ENQ','2015-02-19 14:03:55'),
  (420,2,'H<-M','ACK','2015-02-19 14:04:22'),
  (421,2,'H->M','<STX>1H|^&|||host^1|||||cobas-e411|TSDWN^REPLY|P|1<CR>\rP|1<CR>\rO|1|8|1^0^1^^S1^SC|^^^21^1|R||||||A||||1||||||||||O<CR>\rL|1|N<CR>\r<ETX>0D<CR>\r<LF>','2015-02-19 14:04:22'),
  (422,2,'H<-M','ACK','2015-02-19 14:04:22'),
  (423,2,'H->M','EOT','2015-02-19 14:04:22'),
  (424,2,'H<-M','<STX>1H|^&|||cobas-e411^1|||||host|^|P|1<CR>\rL|1|E<CR>\r<ETX>5C<CR>\r<LF>','2015-02-19 14:04:22'),
  (425,2,'H->M','ACK','2015-02-19 14:04:22'),
  (426,2,'H<-M','EOT','2015-02-19 14:04:22'),
  (427,2,'H->M','ENQ','2015-02-19 14:11:59'),
  (428,2,'H<-M','ACK','2015-02-19 14:12:27'),
  (429,2,'H->M','<STX>1H|^&|||host^1|||||cobas-e411|TSDWN^REPLY|P|1<CR>\rP|1<CR>\rO|1|8|1^0^9^^S1^SC|^^^21^1|R||||||A||||1||||||||||O<CR>\rL|1|N<CR>\r<ETX>15<CR>\r<LF>','2015-02-19 14:12:27'),
  (430,2,'H<-M','ACK','2015-02-19 14:12:27'),
  (431,2,'H->M','EOT','2015-02-19 14:12:27'),
  (432,2,'H<-M','<STX>1H|^&|||cobas-e411^1|||||host|^|P|1<CR>\rL|1|E<CR>\r<ETX>5C<CR>\r<LF>','2015-02-19 14:12:27'),
  (433,2,'H->M','ACK','2015-02-19 14:12:27'),
  (434,2,'H<-M','EOT','2015-02-19 14:12:27'),
  (435,2,'H->M','ENQ','2015-02-19 14:18:25'),
  (436,2,'H<-M','ACK','2015-02-19 14:18:52'),
  (437,2,'H->M','<STX>1H|^&|||host^1|||||cobas-e411|TSDWN^REPLY|P|1<CR>\rP|1<CR>\rO|1|8|1^0^9^^S1^SC|^^^21^1|R||||||A||||1||||||||||O<CR>\rL|1|N<CR>\r<ETX>15<CR>\r<LF>','2015-02-19 14:18:52'),
  (438,2,'H<-M','ACK','2015-02-19 14:18:52'),
  (439,2,'H->M','EOT','2015-02-19 14:18:52'),
  (440,2,'H<-M','<STX>1H|^&|||cobas-e411^1|||||host|^|P|1<CR>\rL|1|E<CR>\r<ETX>5C<CR>\r<LF>','2015-02-19 14:18:52'),
  (441,2,'H->M','ACK','2015-02-19 14:18:52'),
  (442,2,'H<-M','EOT','2015-02-19 14:18:52'),
  (443,2,'H<-M','<STX>1H|^&|||cobas-e411^1|||||host|^|P|1<CR>\rL|1|E<CR>\r<ETX>5C<CR>\r<LF>','2015-02-19 14:18:52'),
  (444,2,'H->M','ACK','2015-02-19 14:18:52'),
  (445,2,'H<-M','EOT','2015-02-19 14:18:52'),
  (446,2,'H->M','ENQ','2015-02-19 14:37:21'),
  (447,2,'H<-M','ACK','2015-02-19 14:37:48'),
  (448,2,'H->M','<STX>1H|^&|||host^1|||||cobas-e411|TSDWN^REPLY|P|1<CR>\rP|1<CR>\rO|1|8|1^0^9^^S1^SC|^^^21^1|R||||||A||||1||||||||||O<CR>\rL|1|N<CR>\r<ETX>15<CR>\r<LF>','2015-02-19 14:37:48'),
  (449,2,'H<-M','ACK','2015-02-19 14:37:48'),
  (450,2,'H->M','EOT','2015-02-19 14:37:48'),
  (451,2,'H<-M','<STX>1H|^&|||cobas-e411^1|||||host|^|P|1<CR>\rL|1|E<CR>\r<ETX>5C<CR>\r<LF>','2015-02-19 14:37:48'),
  (452,2,'H->M','ACK','2015-02-19 14:37:48'),
  (453,2,'H<-M','EOT','2015-02-19 14:37:48'),
  (454,2,'H<-M','<STX>1H|^&|||cobas-e411^1|||||host|RSUPL^BATCH|P|1<CR>\rP|1<CR>\rO|1|43|8^0^1^^S1^SC|^^^12^1|R||20150219114541||||N||||1|||||||20150219121156|||F<CR>\rR|1|^^^12/1/not|-1^0.101|COI||N||F|||||E1<CR>\rL|1|N<CR>\r<ETX>75<CR>\r<LF>','2015-02-19 14:38:22'),
  (455,2,'H->M','ACK','2015-02-19 14:38:22'),
  (456,2,'H<-M','EOT','2015-02-19 14:38:22'),
  (457,2,'H->M','ENQ','2015-02-20 08:15:30'),
  (458,2,'H<-M','ACK','2015-02-20 08:15:56'),
  (459,2,'H->M','<STX>1H|^&|||host^1|||||cobas-e411|TSDWN^REPLY|P|1<CR>\rP|1<CR>\rO|1|8|1^0^9^^S1^SC|^^^21^1|R||||||A||||1||||||||||O<CR>\rL|1|N<CR>\r<ETX>15<CR>\r<LF>','2015-02-20 08:15:56'),
  (460,2,'H<-M','ACK','2015-02-20 08:15:56'),
  (461,2,'H->M','EOT','2015-02-20 08:15:56'),
  (462,2,'H->M','ENQ','2015-02-20 08:16:02'),
  (463,2,'H<-M','ACK','2015-02-20 08:16:30'),
  (464,2,'H->M','<STX>1H|^&|||host^1|||||cobas-e411|TSDWN^REPLY|P|1<CR>\rP|1<CR>\rO|1|8|1^0^9^^S1^SC|^^^21^1|R||||||A||||1||||||||||O<CR>\rL|1|N<CR>\r<ETX>15<CR>\r<LF>','2015-02-20 08:16:30'),
  (465,2,'H<-M','ACK','2015-02-20 08:16:30'),
  (466,2,'H->M','EOT','2015-02-20 08:16:30'),
  (467,2,'H->M','ENQ','2015-02-20 08:16:36'),
  (468,2,'H<-M','ACK','2015-02-20 08:17:04'),
  (469,2,'H->M','<STX>1H|^&|||host^1|||||cobas-e411|TSDWN^REPLY|P|1<CR>\rP|1<CR>\rO|1|8|1^0^9^^S1^SC|^^^21^1|R||||||A||||1||||||||||O<CR>\rL|1|N<CR>\r<ETX>15<CR>\r<LF>','2015-02-20 08:17:04'),
  (470,2,'H<-M','ACK','2015-02-20 08:17:04'),
  (471,2,'H->M','EOT','2015-02-20 08:17:05'),
  (472,2,'H->M','ENQ','2015-02-20 08:17:11'),
  (473,2,'H->M','ENQ','2015-02-20 08:25:00'),
  (474,2,'H<-M','ACK','2015-02-20 08:25:27'),
  (475,2,'H->M','<STX>1H|^&|||host^1|||||cobas-e411|TSDWN^REPLY|P|1<CR>\rP|1<CR>\rO|1|8|1^0^9^^S1^SC|^^^21^1|R||||||A||||1||||||||||O<CR>\rL|1|N<CR>\r<ETX>15<CR>\r<LF>','2015-02-20 08:25:27'),
  (476,2,'H<-M','ACK','2015-02-20 08:25:27'),
  (477,2,'H->M','EOT','2015-02-20 08:25:27'),
  (478,2,'H->M','ENQ','2015-02-20 08:25:33'),
  (479,2,'H<-M','ACK','2015-02-20 08:26:01'),
  (480,2,'H->M','<STX>1H|^&|||host^1|||||cobas-e411|TSDWN^REPLY|P|1<CR>\rP|1<CR>\rO|1|8|1^0^9^^S1^SC|^^^21^1|R||||||A||||1||||||||||O<CR>\rL|1|N<CR>\r<ETX>15<CR>\r<LF>','2015-02-20 08:26:01'),
  (481,2,'H<-M','ACK','2015-02-20 08:26:01'),
  (482,2,'H->M','EOT','2015-02-20 08:26:01'),
  (483,2,'H->M','ENQ','2015-02-20 08:26:07'),
  (484,2,'H<-M','ACK','2015-02-20 08:26:35'),
  (485,2,'H->M','<STX>1H|^&|||host^1|||||cobas-e411|TSDWN^REPLY|P|1<CR>\rP|1<CR>\rO|1|8|1^0^9^^S1^SC|^^^21^1|R||||||A||||1||||||||||O<CR>\rL|1|N<CR>\r<ETX>15<CR>\r<LF>','2015-02-20 08:26:35'),
  (486,2,'H<-M','ACK','2015-02-20 08:26:35'),
  (487,2,'H->M','EOT','2015-02-20 08:26:35'),
  (488,2,'H->M','ENQ','2015-02-20 08:26:41'),
  (489,2,'H->M','ENQ','2015-02-20 08:27:47'),
  (490,2,'H<-M','ACK','2015-02-20 08:28:14'),
  (491,2,'H->M','<STX>1H|^&|||host^1|||||cobas-e411|TSDWN^REPLY|P|1<CR>\rP|1<CR>\rO|1|8|1^0^9^^S1^SC|^^^21^1|R||||||A||||1||||||||||O<CR>\rL|1|N<CR>\r<ETX>15<CR>\r<LF>','2015-02-20 08:28:14'),
  (492,2,'H<-M','ACK','2015-02-20 08:28:14'),
  (493,2,'H->M','EOT','2015-02-20 08:28:14'),
  (494,2,'H->M','ENQ','2015-02-20 08:28:20'),
  (495,2,'H->M','ENQ','2015-02-20 08:35:10'),
  (496,2,'H<-M','ACK','2015-02-20 08:35:37'),
  (497,2,'H->M','<STX>1H|^&|||host^1|||||cobas-e411|TSDWN^REPLY|P|1<CR>\rP|1<CR>\rO|1|8|1^0^9^^S1^SC|^^^21^1|R||||||A||||1||||||||||O<CR>\rL|1|N<CR>\r<ETX>15<CR>\r<LF>','2015-02-20 08:35:37'),
  (498,2,'H<-M','ACK','2015-02-20 08:35:37'),
  (499,2,'H->M','EOT','2015-02-20 08:35:37'),
  (500,2,'H->M','ENQ','2015-02-20 08:35:43');
COMMIT;

#
# Data for the `logs` table  (LIMIT 500,500)
#

INSERT INTO `logs` (`id`, `instrument_id`, `direction`, `message`, `insert_datetime`) VALUES 
  (501,2,'H->M','ENQ','2015-02-20 08:37:43'),
  (502,2,'H->M','ENQ','2015-02-20 08:41:42'),
  (503,2,'H<-M','ACK','2015-02-20 08:42:04'),
  (504,2,'H->M','<STX>1H|^&|||host^1|||||cobas-e411|TSDWN^REPLY|P|1<CR>\rP|1<CR>\rO|1|8|1^0^9^^S1^SC|^^^21^1|R||||||A||||1||||||||||O<CR>\rL|1|N<CR>\r<ETX>15<CR>\r<LF>','2015-02-20 08:42:04'),
  (505,2,'H->M','ENQ','2015-02-20 08:43:06'),
  (506,2,'H<-M','ACK','2015-02-20 08:43:32'),
  (507,2,'H->M','<STX>1H|^&|||host^1|||||cobas-e411|TSDWN^REPLY|P|1<CR>\rP|1<CR>\rO|1|8|1^0^9^^S1^SC|^^^21^1|R||||||A||||1||||||||||O<CR>\rL|1|N<CR>\r<ETX>15<CR>\r<LF>','2015-02-20 08:43:32'),
  (508,2,'H<-M','ACK','2015-02-20 08:43:43'),
  (509,2,'H->M','EOT','2015-02-20 08:43:46'),
  (510,2,'H<-M','<STX>1H|^&|||cobas-e411^1|||||host|^|P|1<CR>\rL|1|E<CR>\r<ETX>5C<CR>\r<LF>','2015-02-20 08:43:53'),
  (511,2,'H->M','ACK','2015-02-20 08:43:53'),
  (512,2,'H<-M','EOT','2015-02-20 08:43:53'),
  (513,2,'H->M','ENQ','2015-02-20 08:48:01'),
  (514,2,'H<-M','ACK','2015-02-20 08:48:25'),
  (515,2,'H->M','<STX>1H|^&|||host^1|||||cobas-e411|TSDWN^REPLY|P|1<CR>\rP|1<CR>\rO|1|8|1^0^9^^S1^SC|^^^21^1|R||||||A||||1||||||||||O<CR>\rL|1|N<CR>\r<ETX>15<CR>\r<LF>','2015-02-20 08:48:25'),
  (516,2,'H<-M','ACK','2015-02-20 08:48:30'),
  (517,2,'H->M','EOT','2015-02-20 08:48:30'),
  (518,2,'H<-M','<STX>1H|^&|||cobas-e411^1|||||host|^|P|1<CR>\rL|1|E<CR>\r<ETX>5C<CR>\r<LF>','2015-02-20 08:48:30'),
  (519,2,'H->M','ACK','2015-02-20 08:48:30'),
  (520,2,'H<-M','EOT','2015-02-20 08:48:30'),
  (521,2,'H->M','ENQ','2015-02-20 08:48:40'),
  (522,2,'H->M','ENQ','2015-02-20 08:50:23'),
  (523,2,'H->M','ENQ','2015-02-20 08:51:42'),
  (524,2,'H<-M','ACK','2015-02-20 08:52:09'),
  (525,2,'H->M','<STX>1H|^&|||host^1|||||cobas-e411|TSDWN^REPLY|P|1<CR>\rP|1<CR>\rO|1|8|1^0^9^^S1^SC|^^^21^1|R||||||A||||1||||||||||O<CR>\rL|1|N<CR>\r<ETX>15<CR>\r<LF>','2015-02-20 08:52:09'),
  (526,2,'H<-M','ACK','2015-02-20 08:52:09'),
  (527,2,'H->M','EOT','2015-02-20 08:52:09'),
  (528,2,'H<-M','<STX>1H|^&|||cobas-e411^1|||||host|^|P|1<CR>\rL|1|E<CR>\r<ETX>5C<CR>\r<LF>','2015-02-20 08:52:09'),
  (529,2,'H->M','ACK','2015-02-20 08:52:09'),
  (530,2,'H<-M','EOT','2015-02-20 08:52:09'),
  (531,2,'H<-M','<STX>1H|^&|||cobas-e411^1|||||host|^|P|1<CR>\rL|1|E<CR>\r<ETX>5C<CR>\r<LF>','2015-02-20 08:52:10'),
  (532,2,'H->M','ACK','2015-02-20 08:52:10'),
  (533,2,'H<-M','EOT','2015-02-20 08:52:10'),
  (534,2,'H->M','ENQ','2015-02-20 08:53:05'),
  (535,2,'H<-M','ACK','2015-02-20 08:53:32'),
  (536,2,'H->M','<STX>1H|^&|||host^1|||||cobas-e411|TSDWN^REAL|P|1<CR>\rP|1<CR>\rO|1|8|1^0^9^^S1^SC|^^^21^1|R||||||A||||1||||||||||O<CR>\rL|1|N<CR>\r<ETX>AD<CR>\r<LF>','2015-02-20 08:53:32'),
  (537,2,'H<-M','ACK','2015-02-20 08:53:32'),
  (538,2,'H->M','EOT','2015-02-20 08:53:32'),
  (539,2,'H<-M','<STX>1H|^&|||cobas-e411^1|||||host|^|P|1<CR>\rL|1|E<CR>\r<ETX>5C<CR>\r<LF>','2015-02-20 08:53:32'),
  (540,2,'H->M','ACK','2015-02-20 08:53:33'),
  (541,2,'H<-M','EOT','2015-02-20 08:53:33'),
  (542,2,'H<-M','<STX>1H|^&|||cobas-e411^1|||||host|^|P|1<CR>\rL|1|E<CR>\r<ETX>5C<CR>\r<LF>','2015-02-20 08:53:33'),
  (543,2,'H->M','ACK','2015-02-20 08:53:33'),
  (544,2,'H<-M','EOT','2015-02-20 08:53:33'),
  (545,2,'H->M','ENQ','2015-02-20 09:10:37'),
  (546,2,'H<-M','ACK','2015-02-20 09:11:05'),
  (547,2,'H->M','<STX>1H|^&|||host^1|||||cobas-e411|TSDWN^REPLY|P|1<CR>\rQ|1|^^123^^0^1^^S1^SC||ALL|||||||O<CR>\rL|1|N<CR>\r<ETX>8D<CR>\r<LF>','2015-02-20 09:11:05'),
  (548,2,'H<-M','ACK','2015-02-20 09:11:05'),
  (549,2,'H->M','EOT','2015-02-20 09:11:05'),
  (550,2,'H<-M','<STX>1H|^&|||cobas-e411^1|||||host|^|P|1<CR>\rL|1|E<CR>\r<ETX>5C<CR>\r<LF>','2015-02-20 09:11:05'),
  (551,2,'H->M','ACK','2015-02-20 09:11:05'),
  (552,2,'H<-M','EOT','2015-02-20 09:11:05'),
  (553,2,'H->M','ENQ','2015-02-20 09:43:33'),
  (554,2,'H<-M','ACK','2015-02-20 09:43:54'),
  (555,2,'H->M','<STX>1H|^&|||host^1|||||cobas-e411|TSDWN^BATCH|P|1<CR>\rQ|1|^^123^^0^1^^S1^SC||ALL|||||||O<CR>\rL|1|N<CR>\r<ETX>63<CR>\r<LF>','2015-02-20 09:43:54'),
  (556,2,'H<-M','ACK','2015-02-20 09:43:55'),
  (557,2,'H->M','EOT','2015-02-20 09:43:55'),
  (558,2,'H<-M','<STX>1H|^&|||cobas-e411^1|||||host|^|P|1<CR>\rL|1|E<CR>\r<ETX>5C<CR>\r<LF>','2015-02-20 09:43:55'),
  (559,2,'H->M','ACK','2015-02-20 09:43:55'),
  (560,2,'H<-M','EOT','2015-02-20 09:43:55'),
  (561,2,'H->M','ENQ','2015-02-20 09:48:11'),
  (562,2,'H<-M','ACK','2015-02-20 09:48:37'),
  (563,2,'H->M','<STX>1H|^&|||host^1|||||cobas-e411|TSDWN^BATCH|P|1<CR>\rP|1<CR>\rO|1|8|1^0^9^^S1^SC|^^^21^1|R||||||A||||1||||||||||O<CR>\rL|1|N<CR>\r<ETX>EB<CR>\r<LF>','2015-02-20 09:48:37'),
  (564,2,'H<-M','ACK','2015-02-20 09:48:37'),
  (565,2,'H->M','EOT','2015-02-20 09:48:37'),
  (566,2,'H<-M','<STX>1H|^&|||cobas-e411^1|||||host|^|P|1<CR>\rL|1|E<CR>\r<ETX>5C<CR>\r<LF>','2015-02-20 09:48:37'),
  (567,2,'H->M','ACK','2015-02-20 09:48:37'),
  (568,2,'H<-M','EOT','2015-02-20 09:48:38'),
  (569,2,'H<-M','<STX>1H|^&|||cobas-e411^1|||||host|^|P|1<CR>\rL|1|E<CR>\r<ETX>5C<CR>\r<LF>','2015-02-20 09:48:38'),
  (570,2,'H->M','ACK','2015-02-20 09:48:38'),
  (571,2,'H<-M','EOT','2015-02-20 09:48:38'),
  (572,2,'H->M','ENQ','2015-02-20 09:56:30'),
  (573,2,'H<-M','ACK','2015-02-20 09:56:57'),
  (574,2,'H->M','<STX>1H|^&|||host^1|||||cobas-e411|TSDWN^BATCH|P|1<CR>\rP|1<CR>\rO|1|8|^0^9^^S1^SC|^^^21^1|R||||||A||||1||||||||||O<CR>\rL|1|N<CR>\r<ETX>BA<CR>\r<LF>','2015-02-20 09:56:57'),
  (575,2,'H<-M','ACK','2015-02-20 09:56:57'),
  (576,2,'H->M','EOT','2015-02-20 09:56:57'),
  (577,2,'H<-M','<STX>1H|^&|||cobas-e411^1|||||host|^|P|1<CR>\rL|1|E<CR>\r<ETX>5C<CR>\r<LF>','2015-02-20 09:56:57'),
  (578,2,'H->M','ACK','2015-02-20 09:56:57'),
  (579,2,'H<-M','EOT','2015-02-20 09:56:57'),
  (580,2,'H->M','ENQ','2015-02-20 09:58:30'),
  (581,2,'H<-M','ACK','2015-02-20 09:58:57'),
  (582,2,'H->M','<STX>1H|^&|||host^1|||||cobas-e411|TSDWN^BATCH|P|1<CR>\rP|1<CR>\rO|1|8|@1^0^9^^S1^SC|^^^21^1|R||||||A||||1||||||||||O<CR>\rL|1|N<CR>\r<ETX>2B<CR>\r<LF>','2015-02-20 09:58:57'),
  (583,2,'H<-M','ACK','2015-02-20 09:58:57'),
  (584,2,'H->M','EOT','2015-02-20 09:58:57'),
  (585,2,'H<-M','<STX>1H|^&|||cobas-e411^1|||||host|^|P|1<CR>\rL|1|E<CR>\r<ETX>5C<CR>\r<LF>','2015-02-20 09:58:58'),
  (586,2,'H->M','ACK','2015-02-20 09:58:58'),
  (587,2,'H<-M','EOT','2015-02-20 09:58:58'),
  (588,2,'H<-M','<STX>1H|^&|||cobas-e411^1|||||host|^|P|1<CR>\rL|1|E<CR>\r<ETX>5C<CR>\r<LF>','2015-02-20 09:58:58'),
  (589,2,'H->M','ACK','2015-02-20 09:58:58'),
  (590,2,'H<-M','EOT','2015-02-20 09:58:58'),
  (591,2,'H->M','ENQ','2015-02-20 10:00:38'),
  (592,2,'H<-M','ACK','2015-02-20 10:01:06'),
  (593,2,'H->M','<STX>1H|^&|||host^1|||||cobas-e411|TSDWN^BATCH|P|1<CR>\rP|1<CR>\rO|1|@8|1^0^9^^S1^SC|^^^21^1|R||||||A||||1||||||||||O<CR>\rL|1|N<CR>\r<ETX>2B<CR>\r<LF>','2015-02-20 10:01:06'),
  (594,2,'H<-M','ACK','2015-02-20 10:01:06'),
  (595,2,'H->M','EOT','2015-02-20 10:01:06'),
  (596,2,'H<-M','<STX>1H|^&|||cobas-e411^1|||||host|^|P|1<CR>\rL|1|E<CR>\r<ETX>5C<CR>\r<LF>','2015-02-20 10:01:06'),
  (597,2,'H->M','ACK','2015-02-20 10:01:06'),
  (598,2,'H<-M','EOT','2015-02-20 10:01:06'),
  (599,2,'H<-M','<STX>1H|^&|||cobas-e411^1|||||host|^|P|1<CR>\rL|1|E<CR>\r<ETX>5C<CR>\r<LF>','2015-02-20 10:01:06'),
  (600,2,'H->M','ACK','2015-02-20 10:01:06'),
  (601,2,'H<-M','EOT','2015-02-20 10:01:06'),
  (602,2,'H->M','ENQ','2015-02-20 10:05:03'),
  (603,2,'H<-M','ACK','2015-02-20 10:05:29'),
  (604,2,'H->M','<STX>1H|^&|||cobas-e411|||||host^1|TSDWN^BATCH|P|1<CR>\rP|1<CR>\rO|1|@8|1^0^9^^S1^SC|^^^21^1|R||||||A||||1||||||||||O<CR>\rL|1|N<CR>\r<ETX>2B<CR>\r<LF>','2015-02-20 10:05:29'),
  (605,2,'H<-M','ACK','2015-02-20 10:05:29'),
  (606,2,'H->M','EOT','2015-02-20 10:05:29'),
  (607,2,'H<-M','<STX>1H|^&|||cobas-e411^1|||||host|^|P|1<CR>\rL|1|E<CR>\r<ETX>5C<CR>\r<LF>','2015-02-20 10:05:29'),
  (608,2,'H->M','ACK','2015-02-20 10:05:29'),
  (609,2,'H<-M','EOT','2015-02-20 10:05:29'),
  (610,2,'H<-M','<STX>1H|^&|||cobas-e411^1|||||host|^|P|1<CR>\rL|1|E<CR>\r<ETX>5C<CR>\r<LF>','2015-02-20 10:05:30'),
  (611,2,'H->M','ACK','2015-02-20 10:05:30'),
  (612,2,'H<-M','EOT','2015-02-20 10:05:30'),
  (613,2,'H->M','ENQ','2015-02-20 10:07:23'),
  (614,2,'H<-M','ACK','2015-02-20 10:07:50'),
  (615,2,'H->M','<STX>1H|^&|||cobas-e411^1|||||host^1|TSDWN^BATCH|P|1<CR>\rP|1<CR>\rO|1|@8|1^0^9^^S1^SC|^^^21^1|R||||||A||||1||||||||||O<CR>\rL|1|N<CR>\r<ETX>BA<CR>\r<LF>','2015-02-20 10:07:50'),
  (616,2,'H<-M','ACK','2015-02-20 10:07:50'),
  (617,2,'H->M','EOT','2015-02-20 10:07:50'),
  (618,2,'H<-M','<STX>1H|^&|||cobas-e411^1|||||host|^|P|1<CR>\rL|1|E<CR>\r<ETX>5C<CR>\r<LF>','2015-02-20 10:07:50'),
  (619,2,'H->M','ACK','2015-02-20 10:07:50'),
  (620,2,'H<-M','EOT','2015-02-20 10:07:50'),
  (621,2,'H<-M','<STX>1H|^&|||cobas-e411^1|||||host|^|P|1<CR>\rL|1|E<CR>\r<ETX>5C<CR>\r<LF>','2015-02-20 10:07:50'),
  (622,2,'H->M','ACK','2015-02-20 10:07:50'),
  (623,2,'H<-M','EOT','2015-02-20 10:07:50'),
  (624,2,'H->M','ENQ','2015-02-20 10:09:35'),
  (625,2,'H<-M','ACK','2015-02-20 10:10:02'),
  (626,2,'H->M','<STX>1H|^&|||cobas-e411^1|||||host|TSDWN^BATCH|P|1<CR>\rP|1<CR>\rO|1|8|1^0^9^^S1^SC|^^^21^1|R||||||A||||1||||||||||O<CR>\rL|1|N<CR>\r<ETX>EB<CR>\r<LF>','2015-02-20 10:10:02'),
  (627,2,'H<-M','ACK','2015-02-20 10:10:03'),
  (628,2,'H->M','EOT','2015-02-20 10:10:03'),
  (629,2,'H<-M','<STX>1H|^&|||cobas-e411^1|||||host|^|P|1<CR>\rL|1|E<CR>\r<ETX>5C<CR>\r<LF>','2015-02-20 10:10:03'),
  (630,2,'H->M','ACK','2015-02-20 10:10:03'),
  (631,2,'H<-M','EOT','2015-02-20 10:10:03'),
  (632,2,'H->M','ENQ','2015-02-20 10:16:30'),
  (633,2,'H<-M','ACK','2015-02-20 10:16:57'),
  (634,2,'H->M','<STX>1H|^&|||cobas-e411^1|||||host|TSDWN^BATCH|P|1<CR>\rP|1<CR>\rO|1|8|1^0^9^^S1^SC|^^^21^1|R||||||A||||1||||||||||F<CR>\rL|1|N<CR>\r<ETX>E2<CR>\r<LF>','2015-02-20 10:16:57'),
  (635,2,'H<-M','ACK','2015-02-20 10:16:57'),
  (636,2,'H->M','EOT','2015-02-20 10:16:57'),
  (637,2,'H<-M','<STX>1H|^&|||cobas-e411^1|||||host|^|P|1<CR>\rL|1|E<CR>\r<ETX>5C<CR>\r<LF>','2015-02-20 10:16:57'),
  (638,2,'H->M','ACK','2015-02-20 10:16:57'),
  (639,2,'H<-M','EOT','2015-02-20 10:16:57'),
  (640,2,'H->M','ENQ','2015-02-20 10:21:15'),
  (641,2,'H<-M','ACK','2015-02-20 10:21:42'),
  (642,2,'H->M','<STX>1H|^&|||cobas-e411^1|||||host|TSDWN^BATCH|P|1<CR>\rP|1<CR>\rO|1|8|1^0^9^^S1^SC|^^^21^1|R||||||A||||1||||||||||O<CR>\rL|1|N<CR>\r<ETX>EB<CR>\r<LF>','2015-02-20 10:21:42'),
  (643,2,'H<-M','ACK','2015-02-20 10:21:43'),
  (644,2,'H->M','EOT','2015-02-20 10:21:43'),
  (645,2,'H<-M','<STX>1H|^&|||cobas-e411^1|||||host|^|P|1<CR>\rL|1|E<CR>\r<ETX>5C<CR>\r<LF>','2015-02-20 10:21:43'),
  (646,2,'H->M','ACK','2015-02-20 10:21:43'),
  (647,2,'H<-M','EOT','2015-02-20 10:21:43'),
  (648,2,'H->M','ENQ','2015-02-20 12:52:39'),
  (649,2,'H<-M','ACK','2015-02-20 12:53:00'),
  (650,2,'H->M','<STX>1H|^&|||cobas-e411^1|||||host|TSDWN^BATCH|P|1<CR>\rP|1<CR>\rO|1|8|^^^^S1^SC|^^^11^1|R||||||A||||1||||||||||O<CR>\rL|1|N<CR>\r<ETX>50<CR>\r<LF>','2015-02-20 12:53:00'),
  (651,2,'H<-M','ACK','2015-02-20 12:53:00'),
  (652,2,'H->M','EOT','2015-02-20 12:53:00'),
  (653,2,'H<-M','<STX>1H|^&|||cobas-e411^1|||||host|^|P|1<CR>\rL|1|E<CR>\r<ETX>5C<CR>\r<LF>','2015-02-20 12:53:00'),
  (654,2,'H->M','ACK','2015-02-20 12:53:00'),
  (655,2,'H<-M','EOT','2015-02-20 12:53:00'),
  (656,2,'H->M','ENQ','2015-02-20 13:04:53'),
  (657,2,'H<-M','ACK','2015-02-20 13:05:20'),
  (658,2,'H->M','<STX>1H|^&|||cobas-e411^1|||||host|TSDWN^BATCH|P|1<CR>\rP|1<CR>\rO|1|8|^^^^S1^SC|^^^11^1|R||||||A||||1||||||||||O<CR>\rL|1|N<CR>\r<ETX>50<CR>\r<LF>','2015-02-20 13:05:20'),
  (659,2,'H<-M','ACK','2015-02-20 13:05:20'),
  (660,2,'H->M','EOT','2015-02-20 13:05:20'),
  (661,2,'H<-M','<STX>1H|^&|||cobas-e411^1|||||host|^|P|1<CR>\rL|1|E<CR>\r<ETX>5C<CR>\r<LF>','2015-02-20 13:05:20'),
  (662,2,'H->M','ACK','2015-02-20 13:05:20'),
  (663,2,'H<-M','EOT','2015-02-20 13:05:20'),
  (664,2,'H->M','ENQ','2015-02-20 13:06:36'),
  (665,2,'H<-M','ACK','2015-02-20 13:07:03'),
  (666,2,'H->M','<STX>1H|^&|||cobas-e411^1|||||host|TSDWN^BATCH|P|1<CR>\rP|1<CR>\rO|1|8|^^^^S1^SC|^^^11^1|R||||||A||||1||||||||||O<CR>\rL|1|N<CR>\r<ETX>50<CR>\r<LF>','2015-02-20 13:07:03'),
  (667,2,'H<-M','ACK','2015-02-20 13:07:03'),
  (668,2,'H->M','EOT','2015-02-20 13:07:03'),
  (669,2,'H<-M','<STX>1H|^&|||cobas-e411^1|||||host|^|P|1<CR>\rL|1|E<CR>\r<ETX>5C<CR>\r<LF>','2015-02-20 13:07:03'),
  (670,2,'H->M','ACK','2015-02-20 13:07:03'),
  (671,2,'H<-M','EOT','2015-02-20 13:07:04'),
  (672,2,'H->M','ENQ','2015-02-20 13:08:16'),
  (673,2,'H<-M','ACK','2015-02-20 13:08:43'),
  (674,2,'H->M','<STX>1H|^&|||cobas-e411^1|||||host|TSDWN^BATCH|P|1<CR>\rP|1<CR>\rO|1|8|^0^^^S1^SC|^^^11^1|R||||||A||||1||||||||||O<CR>\rL|1|N<CR>\r<ETX>80<CR>\r<LF>','2015-02-20 13:08:43'),
  (675,2,'H<-M','ACK','2015-02-20 13:08:43'),
  (676,2,'H->M','EOT','2015-02-20 13:08:43'),
  (677,2,'H<-M','<STX>1H|^&|||cobas-e411^1|||||host|^|P|1<CR>\rL|1|E<CR>\r<ETX>5C<CR>\r<LF>','2015-02-20 13:08:43'),
  (678,2,'H->M','ACK','2015-02-20 13:08:43'),
  (679,2,'H<-M','EOT','2015-02-20 13:08:43'),
  (680,2,'H->M','ENQ','2015-02-20 13:09:40'),
  (681,2,'H<-M','ACK','2015-02-20 13:10:07'),
  (682,2,'H->M','<STX>1H|^&|||cobas-e411^1|||||host|TSDWN^BATCH|P|1<CR>\rP|1<CR>\rO|1|8|^0^^^S1^SC|^^^11^1|R||||||A||||1||||||||||O<CR>\rL|1|N<CR>\r<ETX>80<CR>\r<LF>','2015-02-20 13:10:08'),
  (683,2,'H<-M','ACK','2015-02-20 13:10:08'),
  (684,2,'H->M','EOT','2015-02-20 13:10:08'),
  (685,2,'H<-M','<STX>1H|^&|||cobas-e411^1|||||host|^|P|1<CR>\rL|1|E<CR>\r<ETX>5C<CR>\r<LF>','2015-02-20 13:10:08'),
  (686,2,'H->M','ACK','2015-02-20 13:10:08'),
  (687,2,'H<-M','EOT','2015-02-20 13:10:08'),
  (688,2,'H->M','ENQ','2015-02-20 13:11:16'),
  (689,2,'H<-M','ACK','2015-02-20 13:11:43'),
  (690,2,'H->M','<STX>1H|^&|||cobas-e411^1|||||host|TSDWN^BATCH|P|1<CR>\rP|1<CR>\rO|1|8|^0^9^^S1^SC|^^^11^1|R||||||A||||1||||||||||O<CR>\rL|1|N<CR>\r<ETX>B9<CR>\r<LF>','2015-02-20 13:11:43'),
  (691,2,'H<-M','ACK','2015-02-20 13:11:43'),
  (692,2,'H->M','EOT','2015-02-20 13:11:43'),
  (693,2,'H<-M','<STX>1H|^&|||cobas-e411^1|||||host|^|P|1<CR>\rL|1|E<CR>\r<ETX>5C<CR>\r<LF>','2015-02-20 13:11:44'),
  (694,2,'H->M','ACK','2015-02-20 13:11:44'),
  (695,2,'H<-M','EOT','2015-02-20 13:11:44'),
  (696,2,'H->M','ENQ','2015-02-20 13:13:24'),
  (697,2,'H<-M','ACK','2015-02-20 13:13:51'),
  (698,2,'H->M','<STX>1H|^&|||cobas-e411^1|||||host|TSDWN^BATCH|P|1<CR>\rP|1<CR>\rO|1|8|^0^10^^S1^SC|^^^11^1|R||||||A||||1||||||||||O<CR>\rL|1|N<CR>\r<ETX>E1<CR>\r<LF>','2015-02-20 13:13:51'),
  (699,2,'H<-M','ACK','2015-02-20 13:13:51'),
  (700,2,'H->M','EOT','2015-02-20 13:13:51'),
  (701,2,'H<-M','<STX>1H|^&|||cobas-e411^1|||||host|^|P|1<CR>\rL|1|E<CR>\r<ETX>5C<CR>\r<LF>','2015-02-20 13:13:51'),
  (702,2,'H->M','ACK','2015-02-20 13:13:51'),
  (703,2,'H<-M','EOT','2015-02-20 13:13:51'),
  (704,2,'H->M','ENQ','2015-02-20 13:15:15'),
  (705,2,'H<-M','ACK','2015-02-20 13:15:43'),
  (706,2,'H->M','<STX>1H|^&|||cobas-e411^1|||||host|TSDWN^BATCH|P|1<CR>\rP|1<CR>\rO|1|8|^0^10^^S1^SC|^^^11^1|R||||||A||||1||||||||||O<CR>\rL|1|N<CR>\r<ETX>E1<CR>\r<LF>','2015-02-20 13:15:43'),
  (707,2,'H<-M','ACK','2015-02-20 13:15:43'),
  (708,2,'H->M','EOT','2015-02-20 13:15:43'),
  (709,2,'H<-M','<STX>1H|^&|||cobas-e411^1|||||host|^|P|1<CR>\rL|1|E<CR>\r<ETX>5C<CR>\r<LF>','2015-02-20 13:15:43'),
  (710,2,'H->M','ACK','2015-02-20 13:15:43'),
  (711,2,'H<-M','EOT','2015-02-20 13:15:43'),
  (712,2,'H->M','ENQ','2015-02-20 13:19:02'),
  (713,2,'H<-M','ACK','2015-02-20 13:19:29'),
  (714,2,'H->M','<STX>1H|^&|||cobas-e411^1|||||host|TSDWN^BATCH|P|1<CR>\rP|1<CR>\rO|1|8|^0^10^^S1^SC|^^^11^1^^^12^1|R||||||A||||1||||||||||O<CR>\rL|1|N<CR>\r<ETX>49<CR>\r<LF>','2015-02-20 13:19:29'),
  (715,2,'H<-M','ACK','2015-02-20 13:19:30'),
  (716,2,'H->M','EOT','2015-02-20 13:19:30'),
  (717,2,'H<-M','<STX>1H|^&|||cobas-e411^1|||||host|^|P|1<CR>\rL|1|E<CR>\r<ETX>5C<CR>\r<LF>','2015-02-20 13:19:30'),
  (718,2,'H->M','ACK','2015-02-20 13:19:30'),
  (719,2,'H<-M','EOT','2015-02-20 13:19:30'),
  (720,2,'H->M','ENQ','2015-02-20 13:20:37'),
  (721,2,'H<-M','ACK','2015-02-20 13:21:03'),
  (722,2,'H->M','<STX>1H|^&|||cobas-e411^1|||||host|TSDWN^BATCH|P|1<CR>\rP|1<CR>\rO|1|8|^0^10^^S1^SC|^^^14^1^^^15^1|R||||||A||||1||||||||||O<CR>\rL|1|N<CR>\r<ETX>4F<CR>\r<LF>','2015-02-20 13:21:03'),
  (723,2,'H<-M','ACK','2015-02-20 13:21:04'),
  (724,2,'H->M','EOT','2015-02-20 13:21:04'),
  (725,2,'H<-M','<STX>1H|^&|||cobas-e411^1|||||host|^|P|1<CR>\rL|1|E<CR>\r<ETX>5C<CR>\r<LF>','2015-02-20 13:21:04'),
  (726,2,'H->M','ACK','2015-02-20 13:21:04'),
  (727,2,'H<-M','EOT','2015-02-20 13:21:04'),
  (728,2,'H->M','ENQ','2015-02-20 13:21:48'),
  (729,2,'H<-M','ACK','2015-02-20 13:22:15'),
  (730,2,'H->M','<STX>1H|^&|||cobas-e411^1|||||host|TSDWN^BATCH|P|1<CR>\rP|1<CR>\rO|1|8|^0^11^^S1^SC|^^^14^1^^^15^1|R||||||A||||1||||||||||O<CR>\rL|1|N<CR>\r<ETX>50<CR>\r<LF>','2015-02-20 13:22:15'),
  (731,2,'H<-M','ACK','2015-02-20 13:22:15'),
  (732,2,'H->M','EOT','2015-02-20 13:22:15'),
  (733,2,'H<-M','<STX>1H|^&|||cobas-e411^1|||||host|^|P|1<CR>\rL|1|E<CR>\r<ETX>5C<CR>\r<LF>','2015-02-20 13:22:15'),
  (734,2,'H->M','ACK','2015-02-20 13:22:15'),
  (735,2,'H<-M','EOT','2015-02-20 13:22:15'),
  (736,2,'H->M','ENQ','2015-02-20 13:25:26'),
  (737,2,'H<-M','ACK','2015-02-20 13:25:53'),
  (738,2,'H->M','<STX>1H|^&|||cobas-e411^1|||||host|TSDWN^BATCH|P|1<CR>\rP|1<CR>\rO|1|8|^0^10^^S1^SC|^^^11^1^^^2^1^^^3^1^^^5^1^^^7^1^^^8^1^^^10^1|R||||||A||||1||||||||||O<CR>\rL|1|N<CR>\r<ETX>69<CR>\r<LF>','2015-02-20 13:25:53'),
  (739,2,'H<-M','ACK','2015-02-20 13:25:53'),
  (740,2,'H->M','EOT','2015-02-20 13:25:53'),
  (741,2,'H<-M','<STX>1H|^&|||cobas-e411^1|||||host|^|P|1<CR>\rL|1|E<CR>\r<ETX>5C<CR>\r<LF>','2015-02-20 13:25:53'),
  (742,2,'H->M','ACK','2015-02-20 13:25:53'),
  (743,2,'H<-M','EOT','2015-02-20 13:25:53'),
  (744,2,'H->M','ENQ','2015-02-20 13:27:00'),
  (745,2,'H<-M','ACK','2015-02-20 13:27:27'),
  (746,2,'H->M','<STX>1H|^&|||cobas-e411^1|||||host|TSDWN^BATCH|P|1<CR>\rP|1<CR>\rO|1|8|^0^10^^S1^SC|^^^11^1|R||||||A||||1||||||||||O<CR>\rL|1|N<CR>\r<ETX>E1<CR>\r<LF>','2015-02-20 13:27:27'),
  (747,2,'H<-M','ACK','2015-02-20 13:27:27'),
  (748,2,'H->M','EOT','2015-02-20 13:27:27'),
  (749,2,'H<-M','<STX>1H|^&|||cobas-e411^1|||||host|^|P|1<CR>\rL|1|E<CR>\r<ETX>5C<CR>\r<LF>','2015-02-20 13:27:28'),
  (750,2,'H->M','ACK','2015-02-20 13:27:28'),
  (751,2,'H<-M','EOT','2015-02-20 13:27:28'),
  (752,2,'H->M','ENQ','2015-02-20 13:32:43'),
  (753,2,'H<-M','ACK','2015-02-20 13:33:05'),
  (754,2,'H->M','<STX>1H|^&|||cobas-e411^1|||||host|TSDWN^BATCH|P|1<CR>\rP|1<CR>\rO|1|8|1^0^10^^S1^SC|^^^11^1|R||||||A||||1||||||||||O<CR>\rL|1|N<CR>\r<ETX>12<CR>\r<LF>','2015-02-20 13:33:05'),
  (755,2,'H<-M','ACK','2015-02-20 13:33:05'),
  (756,2,'H->M','EOT','2015-02-20 13:33:05'),
  (757,2,'H<-M','<STX>1H|^&|||cobas-e411^1|||||host|^|P|1<CR>\rL|1|E<CR>\r<ETX>5C<CR>\r<LF>','2015-02-20 13:33:06'),
  (758,2,'H->M','ACK','2015-02-20 13:33:06'),
  (759,2,'H<-M','EOT','2015-02-20 13:33:06'),
  (760,2,'H<-M','<STX>1H|^&|||cobas-e411^1|||||host|^|P|1<CR>\rL|1|E<CR>\r<ETX>5C<CR>\r<LF>','2015-02-20 13:33:06'),
  (761,2,'H->M','ACK','2015-02-20 13:33:06'),
  (762,2,'H<-M','EOT','2015-02-20 13:33:06'),
  (763,2,'H->M','ENQ','2015-02-20 13:34:58'),
  (764,2,'H<-M','ACK','2015-02-20 13:35:25'),
  (765,2,'H->M','<STX>1H|^&|||cobas-e411^1|||||host|TSDWN^BATCH|P|1<CR>\rP|1<CR>\rO|1|8|^0^10^^S1^SC|^^^11^1|R||||||A||||1||||||||||O<CR>\rL|1|N<CR>\r<ETX>E1<CR>\r<LF>','2015-02-20 13:35:25'),
  (766,2,'H<-M','ACK','2015-02-20 13:35:26'),
  (767,2,'H->M','EOT','2015-02-20 13:35:26'),
  (768,2,'H<-M','<STX>1H|^&|||cobas-e411^1|||||host|^|P|1<CR>\rL|1|E<CR>\r<ETX>5C<CR>\r<LF>','2015-02-20 13:35:26'),
  (769,2,'H->M','ACK','2015-02-20 13:35:26'),
  (770,2,'H<-M','EOT','2015-02-20 13:35:26'),
  (771,2,'H->M','ENQ','2015-02-20 13:38:15'),
  (772,2,'H<-M','ACK','2015-02-20 13:38:42'),
  (773,2,'H->M','<STX>1H|^&|||cobas-e411^1|||||host|TSDWN^BATCH|P|1<CR>\rP|1<CR>\rO|1|8|^0^10^^S2^MC|^^^11^1|R||||||A||||2||||||||||O<CR>\rL|1|N<CR>\r<ETX>DD<CR>\r<LF>','2015-02-20 13:38:42'),
  (774,2,'H<-M','ACK','2015-02-20 13:38:42'),
  (775,2,'H->M','EOT','2015-02-20 13:38:42'),
  (776,2,'H<-M','<STX>1H|^&|||cobas-e411^1|||||host|^|P|1<CR>\rL|1|E<CR>\r<ETX>5C<CR>\r<LF>','2015-02-20 13:38:42'),
  (777,2,'H->M','ACK','2015-02-20 13:38:42'),
  (778,2,'H<-M','EOT','2015-02-20 13:38:42'),
  (779,2,'H->M','ENQ','2015-02-20 13:40:29'),
  (780,2,'H<-M','ACK','2015-02-20 13:40:56'),
  (781,2,'H->M','<STX>1H|^&|||cobas-e411^1|||||host|TSDWN^BATCH|P|1<CR>\rP|1<CR>\rO|1|8|^0^10^^S1^SC|^^^11^1|S||||||A||||1||||||||||O<CR>\rL|1|N<CR>\r<ETX>E2<CR>\r<LF>','2015-02-20 13:40:56'),
  (782,2,'H<-M','ACK','2015-02-20 13:40:56'),
  (783,2,'H->M','EOT','2015-02-20 13:40:56'),
  (784,2,'H<-M','<STX>1H|^&|||cobas-e411^1|||||host|^|P|1<CR>\rL|1|E<CR>\r<ETX>5C<CR>\r<LF>','2015-02-20 13:40:56'),
  (785,2,'H->M','ACK','2015-02-20 13:40:56'),
  (786,2,'H<-M','EOT','2015-02-20 13:40:56'),
  (787,2,'H->M','ENQ','2015-02-20 13:42:51'),
  (788,2,'H<-M','ACK','2015-02-20 13:43:18'),
  (789,2,'H->M','<STX>1H|^&|||cobas-e411^1|||||host|TSDWN^BATCH|P|1<CR>\rP|1<CR>\rO|1|8|^0^10^^S1^SC|^^^11^1|S||||||A||||1||||||||||O<CR>\rL|1|N<CR>\r<ETX>E2<CR>\r<LF>','2015-02-20 13:43:19'),
  (790,2,'H<-M','ACK','2015-02-20 13:43:19'),
  (791,2,'H->M','EOT','2015-02-20 13:43:19'),
  (792,2,'H<-M','<STX>1H|^&|||cobas-e411^1|||||host|^|P|1<CR>\rL|1|E<CR>\r<ETX>5C<CR>\r<LF>','2015-02-20 13:43:19'),
  (793,2,'H->M','ACK','2015-02-20 13:43:19'),
  (794,2,'H<-M','EOT','2015-02-20 13:43:19'),
  (795,2,'H->M','ENQ','2015-02-20 13:46:21'),
  (796,2,'H<-M','ACK','2015-02-20 13:46:48'),
  (797,2,'H->M','<STX>1H|^&|||cobas-e411^1|||||host|TSDWN^BATCH|P|1<CR>\rP|1<CR>\rO|1|8|^0^10^^S1^SC|^^^11^2|R||||||A||||1||||||||||O<CR>\rL|1|N<CR>\r<ETX>E2<CR>\r<LF>','2015-02-20 13:46:48'),
  (798,2,'H<-M','ACK','2015-02-20 13:46:48'),
  (799,2,'H->M','EOT','2015-02-20 13:46:48'),
  (800,2,'H<-M','<STX>1H|^&|||cobas-e411^1|||||host|^|P|1<CR>\rL|1|E<CR>\r<ETX>5C<CR>\r<LF>','2015-02-20 13:46:48'),
  (801,2,'H->M','ACK','2015-02-20 13:46:48'),
  (802,2,'H<-M','EOT','2015-02-20 13:46:48'),
  (803,2,'H->M','ENQ','2015-02-20 13:48:06'),
  (804,2,'H<-M','ACK','2015-02-20 13:48:33'),
  (805,2,'H->M','<STX>1H|^&|||cobas-e411^1|||||host|TSDWN^BATCH|P|1<CR>\rP|1<CR>\rO|1|8|^0^10^^S1^SC|^^^11^2|R||||||A||||1||||||||||O<CR>\rL|1|N<CR>\r<ETX>E2<CR>\r<LF>','2015-02-20 13:48:33'),
  (806,2,'H<-M','ACK','2015-02-20 13:48:34'),
  (807,2,'H->M','EOT','2015-02-20 13:48:34'),
  (808,2,'H<-M','<STX>1H|^&|||cobas-e411^1|||||host|^|P|1<CR>\rL|1|E<CR>\r<ETX>5C<CR>\r<LF>','2015-02-20 13:48:34'),
  (809,2,'H->M','ACK','2015-02-20 13:48:34'),
  (810,2,'H<-M','EOT','2015-02-20 13:48:34'),
  (811,2,'H->M','ENQ','2015-02-20 14:00:31'),
  (812,2,'H<-M','ACK','2015-02-20 14:00:58'),
  (813,2,'H->M','<STX>1H|^&|||cobas-e411^1|||||host|TSDWN^BATCH|P|1<CR>\rP|1<CR>\rO|1|101|^0^10^^S1^SC|^^^21^1^^^9^1^^^15^1|R||||||A||||1||||||||||O<CR>\rL|1|N<CR>\r<ETX>E5<CR>\r<LF>','2015-02-20 14:00:58'),
  (814,2,'H<-M','ACK','2015-02-20 14:00:58'),
  (815,2,'H->M','EOT','2015-02-20 14:00:58'),
  (816,2,'H<-M','<STX>1H|^&|||cobas-e411^1|||||host|^|P|1<CR>\rL|1|E<CR>\r<ETX>5C<CR>\r<LF>','2015-02-20 14:00:58'),
  (817,2,'H->M','ACK','2015-02-20 14:00:58'),
  (818,2,'H<-M','EOT','2015-02-20 14:00:58'),
  (819,2,'H->M','ENQ','2015-02-20 14:03:34'),
  (820,2,'H<-M','ACK','2015-02-20 14:04:01'),
  (821,2,'H->M','<STX>1H|^&|||cobas-e411^1|||||host|TSDWN^BATCH|P|1<CR>\rP|1<CR>\rO|1|101|^0^1^^S1^SC|^^^21^1^^^9^1^^^15^1|R||||||A||||1||||||||||O<CR>\rL|1|N<CR>\r<ETX>B5<CR>\r<LF>','2015-02-20 14:04:01'),
  (822,2,'H<-M','ACK','2015-02-20 14:04:01'),
  (823,2,'H->M','EOT','2015-02-20 14:04:01'),
  (824,2,'H<-M','<STX>1H|^&|||cobas-e411^1|||||host|^|P|1<CR>\rL|1|E<CR>\r<ETX>5C<CR>\r<LF>','2015-02-20 14:04:01'),
  (825,2,'H->M','ACK','2015-02-20 14:04:01'),
  (826,2,'H<-M','EOT','2015-02-20 14:04:01'),
  (827,2,'H->M','ENQ','2015-02-20 14:07:41'),
  (828,2,'H<-M','ACK','2015-02-20 14:08:07'),
  (829,2,'H->M','<STX>1H|^&|||cobas-e411^1|||||host|TSDWN^BATCH|P|1<CR>\rP|1<CR>\rO|1|101|^0^1^^S1^SC|^^^21^1^^^9^1^^^15^1|R||||||A||||1||||||||||O<CR>\rL|1|N<CR>\r<ETX>B5<CR>\r<LF>','2015-02-20 14:08:07'),
  (830,2,'H<-M','ACK','2015-02-20 14:08:07'),
  (831,2,'H->M','EOT','2015-02-20 14:08:07'),
  (832,2,'H<-M','<STX>1H|^&|||cobas-e411^1|||||host|^|P|1<CR>\rL|1|E<CR>\r<ETX>5C<CR>\r<LF>','2015-02-20 14:08:07'),
  (833,2,'H->M','ACK','2015-02-20 14:08:07'),
  (834,2,'H<-M','EOT','2015-02-20 14:08:07'),
  (835,2,'H->M','ENQ','2015-02-20 14:10:11'),
  (836,2,'H<-M','ACK','2015-02-20 14:10:39'),
  (837,2,'H->M','<STX>1H|^&|||cobas-e411^1|||||host|TSDWN^BATCH|P|1<CR>\rP|1<CR>\rO|1|101|^0^1^^S1^SC|^^^21^1^^^9^1^^^15^1|R||||||A||||1||||||||||O<CR>\rL|1|N<CR>\r<ETX>B5<CR>\r<LF>','2015-02-20 14:10:39'),
  (838,2,'H<-M','ACK','2015-02-20 14:10:39'),
  (839,2,'H->M','EOT','2015-02-20 14:10:39'),
  (840,2,'H<-M','<STX>1H|^&|||cobas-e411^1|||||host|^|P|1<CR>\rL|1|E<CR>\r<ETX>5C<CR>\r<LF>','2015-02-20 14:10:39'),
  (841,2,'H->M','ACK','2015-02-20 14:10:39'),
  (842,2,'H<-M','EOT','2015-02-20 14:10:39'),
  (843,2,'H->M','ENQ','2015-02-20 14:13:45'),
  (844,2,'H<-M','ACK','2015-02-20 14:14:12'),
  (845,2,'H->M','<STX>1H|^&|||cobas-e411^1|||||host|TSDWN^BATCH|P|1<CR>\rP|1<CR>\rO|1|101|^0^1^^S1^SC|^^^21^1^^^9^1^^^15^1|R||||||A||||1||||||||||O<CR>\rL|1|N<CR>\r<ETX>B5<CR>\r<LF>','2015-02-20 14:14:12'),
  (846,2,'H<-M','ACK','2015-02-20 14:14:12'),
  (847,2,'H->M','EOT','2015-02-20 14:14:12'),
  (848,2,'H->M','ENQ','2015-02-20 14:14:12'),
  (849,2,'H->M','ENQ','2015-02-20 14:14:12'),
  (850,2,'H->M','ENQ','2015-02-20 14:14:13'),
  (851,2,'H->M','ENQ','2015-02-22 12:55:29'),
  (852,2,'H->M','ENQ','2015-02-22 13:01:57'),
  (853,2,'H<-M','ACK','2015-02-22 13:02:06'),
  (854,2,'H->M','<STX>1H|^&|||elsi-host^1|||||cobas-e411|TSDWN^BATCH|P|1<CR>\rP|1<CR>\rO|1|22|^0^2^^S1^SC|^^^21^1^^^2^1|R||||||A||||1||||||||||O<CR>\rL|1|N<CR>\r<ETX>F0<CR>\r<LF>','2015-02-22 13:02:07'),
  (855,2,'H<-M','ACK','2015-02-22 13:02:34'),
  (856,2,'H->M','EOT','2015-02-22 13:02:34'),
  (857,2,'H->M','ENQ','2015-02-22 13:03:06'),
  (858,2,'H<-M','ACK','2015-02-22 13:03:19'),
  (859,2,'H->M','<STX>1H|^&|||elsi-host^1|||||cobas-e411|TSDWN^BATCH|P|1<CR>\rP|1<CR>\rO|1|22|^0^2^^S1^SC|^^^21^1^^^2^1|R||||||A||||1||||||||||O<CR>\rL|1|N<CR>\r<ETX>F0<CR>\r<LF>','2015-02-22 13:03:19'),
  (860,2,'H->M','ENQ','2015-02-22 13:12:11'),
  (861,2,'H<-M','ACK','2015-02-22 13:12:18'),
  (862,2,'H->M','<STX>1H|^&|||elsi-host^1|||||cobas-e411|TSDWN^BATCH|P|1<CR>\rP|1<CR>\rO|1|22|^0^2^^S1^SC|^^^21^1^^^2^1|R||||||A||||1||||||||||O<CR>\rL|1|N<CR>\r<ETX>F0<CR>\r<LF>','2015-02-22 13:12:18'),
  (863,2,'H<-M','ACK','2015-02-22 13:12:26'),
  (864,2,'H->M','EOT','2015-02-22 13:12:26'),
  (865,2,'H->M','ENQ','2015-02-22 13:14:12'),
  (866,2,'H<-M','ACK','2015-02-22 13:14:29'),
  (867,2,'H->M','<STX>1H|^&|||elsi-host^1|||||cobas-e411|TSDWN^BATCH|P|1<CR>\rP|1<CR>\rO|1|22|^0^2^^S1^SC|^^^21^1^^^2^1|R||||||A||||1||||||||||O<CR>\rL|1|N<CR>\r<ETX>F0<CR>\r<LF>','2015-02-22 13:14:29'),
  (868,2,'H->M','ENQ','2015-02-22 13:16:03'),
  (869,2,'H<-M','ACK','2015-02-22 13:16:09'),
  (870,2,'H->M','<STX>1H|^&|||elsi-host^1|||||cobas-e411|TSDWN^BATCH|P|1<CR>\rP|1<CR>\rO|1|22|^0^2^^S1^SC|^^^21^1^^^2^1|R||||||A||||1||||||||||O<CR>\rL|1|N<CR>\r<ETX>F0<CR>\r<LF>','2015-02-22 13:16:09'),
  (871,2,'H->M','ENQ','2015-02-22 13:17:30'),
  (872,2,'H<-M','ACK','2015-02-22 13:17:37'),
  (873,2,'H->M','<STX>1H|^&|||elsi-host^1|||||cobas-e411|TSDWN^BATCH|P|1<CR>\rP|1<CR>\rO|1|22|^0^2^^S1^SC|^^^21^1^^^2^1|R||||||A||||1||||||||||O<CR>\rL|1|N<CR>\r<ETX>F0<CR>\r<LF>','2015-02-22 13:17:37'),
  (874,2,'H->M','ENQ','2015-02-22 13:19:31'),
  (875,2,'H->M','ENQ','2015-02-22 13:20:55'),
  (876,2,'H<-M','ACK','2015-02-22 13:20:59'),
  (877,2,'H->M','<STX>1H|^&|||elsi-host^1|||||cobas-e411|TSDWN^BATCH|P|1<CR>\rP|1<CR>\rO|1|22|^0^2^^S1^SC|^^^21^1^^^2^1|R||||||A||||1||||||||||O<CR>\rL|1|N<CR>\r<ETX>F0<CR>\r<LF>','2015-02-22 13:20:59'),
  (878,2,'H->M','ENQ','2015-02-22 13:24:24'),
  (879,2,'H<-M','ACK','2015-02-22 13:24:27'),
  (880,2,'H->M','<STX>1H|^&|||elsi-host^1|||||cobas-e411|TSDWN^BATCH|P|1<CR>\rP|1<CR>\rO|1|22|^0^2^^S1^SC|^^^21^1^^^2^1|R||||||A||||1||||||||||O<CR>\rL|1|N<CR>\r<ETX>F0<CR>\r<LF>','2015-02-22 13:24:28'),
  (881,2,'H<-M','5','2015-02-22 13:25:50'),
  (882,2,'H->M','ENQ','2015-02-22 13:26:05'),
  (883,2,'H<-M','ACK','2015-02-22 13:26:12'),
  (884,2,'H->M','<STX>1H|^&|||elsi-host^1|||||cobas-e411|TSDWN^BATCH|P|1<CR>\rP|1<CR>\rO|1|22|^0^2^^S1^SC|^^^21^1^^^2^1|R||||||A||||1||||||||||O<CR>\rL|1|N<CR>\r<ETX>F0<CR>\r<LF>','2015-02-22 13:26:12'),
  (885,2,'H->M','ENQ','2015-02-22 13:27:19'),
  (886,2,'H<-M','ACK','2015-02-22 13:27:23'),
  (887,2,'H->M','<STX>1H|^&|||elsi-host^1|||||cobas-e411|TSDWN^BATCH|P|1<CR>\rP|1<CR>\rO|1|22|^0^2^^S1^SC|^^^21^1^^^2^1|R||||||A||||1||||||||||O<CR>\rL|1|N<CR>\r<ETX>F0<CR>\r<LF>','2015-02-22 13:27:23'),
  (888,2,'H<-M','ACK','2015-02-22 13:27:34'),
  (889,2,'H->M','EOT','2015-02-22 13:27:34'),
  (890,2,'H->M','ENQ','2015-02-22 13:31:45'),
  (891,2,'H->M','ENQ','2015-02-22 13:32:06'),
  (892,2,'H<-M','ACK','2015-02-22 13:32:17'),
  (893,2,'H->M','<STX>1H|^&|||elsi-host^1|||||cobas-e411|TSDWN^BATCH|P|1<CR>\rP|1<CR>\rO|1|22|^0^2^^S1^SC|^^^21^1^^^2^1|R||||||A||||1||||||||||O<CR>\rL|1|N<CR>\r<ETX>F0<CR>\r<LF>','2015-02-22 13:32:17'),
  (894,2,'H->M','ENQ','2015-02-22 13:44:23'),
  (895,2,'H->M','ENQ','2015-02-22 13:45:33'),
  (896,2,'H<-M','ACK','2015-02-22 13:45:40'),
  (897,2,'H->M','<STX>1H|^&|||elsi-host^1|||||cobas-e411|TSDWN^BATCH|P|1<CR>\rP|1<CR>\rO|1|22|^0^2^^S1^SC|^^^21^1^^^2^1|R||||||A||||1||||||||||O<CR>\rL|1|N<CR>\r<ETX>F0<CR>\r<LF>','2015-02-22 13:45:40'),
  (898,2,'H<-M','ACK','2015-02-22 13:45:51'),
  (899,2,'H->M','EOT','2015-02-22 13:45:51'),
  (900,2,'H->M','ENQ','2015-02-22 13:46:18'),
  (901,2,'H<-M','ACK','2015-02-22 13:46:23'),
  (902,2,'H->M','<STX>1H|^&|||elsi-host^1|||||cobas-e411|TSDWN^BATCH|P|1<CR>\rP|1<CR>\rO|1|22|^0^2^^S1^SC|^^^21^1^^^2^1|R||||||A||||1||||||||||O<CR>\rL|1|N<CR>\r<ETX>F0<CR>\r<LF>','2015-02-22 13:46:23'),
  (903,2,'H<-M','ACK','2015-02-22 13:46:47'),
  (904,2,'H->M','EOT','2015-02-22 13:46:47'),
  (905,2,'H->M','ENQ','2015-02-22 13:54:51'),
  (906,2,'H<-M','ACK','2015-02-22 13:55:02'),
  (907,2,'H->M','<STX>1H|^&|||elsi-host^1|||||cobas-e411|TSDWN^BATCH|P|1<CR>\rP|1<CR>\rO|1|22|^0^2^^S1^SC|^^^21^1^^^2^1|R||||||A||||1||||||||||O<CR>\rL|1|N<CR>\r<ETX>F0<CR>\r<LF>','2015-02-22 13:55:02'),
  (908,2,'H<-M','ACK','2015-02-22 13:55:10'),
  (909,2,'H->M','EOT','2015-02-22 13:55:10'),
  (910,2,'H->M','ENQ','2015-02-22 17:51:55'),
  (911,2,'H->M','ENQ','2015-02-22 17:51:57'),
  (912,2,'H->M','ENQ','2015-02-22 17:51:59'),
  (913,2,'H->M','ENQ','2015-02-22 17:52:01'),
  (914,2,'H->M','ENQ','2015-02-22 17:52:03'),
  (915,2,'H<-M','ACK','2015-02-22 17:52:05'),
  (916,2,'H->M','ENQ','2015-02-22 17:52:32'),
  (917,2,'H->M','ENQ','2015-02-22 17:52:34'),
  (918,2,'H->M','ENQ','2015-02-22 17:52:36'),
  (919,2,'H->M','ENQ','2015-02-22 17:52:38'),
  (920,2,'H->M','ENQ','2015-02-22 17:52:40'),
  (921,2,'H->M','ENQ','2015-02-22 17:52:43'),
  (922,2,'H->M','ENQ','2015-02-22 17:56:48'),
  (923,2,'H->M','ENQ','2015-02-22 17:56:50'),
  (924,2,'H<-M','ACK','2015-02-22 17:56:52'),
  (925,2,'H->M','<STX>1H|^&|||elsi-host^1|||||cobas-e411|TSDWN^BATCH|P|1<CR>\rP|1<CR>\rO|1|22|^0^2^^S1^SC|^^^21^1^^^2^1|R||||||A||||1||||||||||O<CR>\rL|1|N<CR>\r<ETX>F0<CR>\r<LF>','2015-02-22 17:56:52'),
  (926,2,'H<-M','ACK','2015-02-22 17:56:58'),
  (927,2,'H->M','EOT','2015-02-22 17:56:58'),
  (928,2,'H->M','ENQ','2015-02-22 17:57:28'),
  (929,2,'H->M','ENQ','2015-02-22 17:57:30'),
  (930,2,'H->M','ENQ','2015-02-22 17:57:32'),
  (931,2,'H->M','ENQ','2015-02-22 17:57:34'),
  (932,2,'H<-M','ENQ - Link Contention','2015-02-22 17:57:36'),
  (933,2,'H->M','NACK','2015-02-22 17:57:36'),
  (934,2,'H->M','ENQ','2015-02-22 17:57:46'),
  (935,2,'H->M','ENQ','2015-02-22 17:57:49'),
  (936,2,'H->M','ENQ','2015-02-22 17:57:51'),
  (937,2,'H->M','ENQ','2015-02-22 17:57:53'),
  (938,2,'H<-M','<STX>','2015-02-22 17:57:55'),
  (939,2,'H->M','ENQ','2015-02-22 17:57:55'),
  (940,2,'H->M','ENQ','2015-02-22 17:57:57'),
  (941,2,'H->M','ENQ','2015-02-22 17:58:09'),
  (942,2,'H->M','ENQ','2015-02-22 17:58:11'),
  (943,2,'H->M','ENQ','2015-02-22 17:58:13'),
  (944,2,'H->M','ENQ','2015-02-22 17:58:15'),
  (945,2,'H<-M','ACK','2015-02-22 17:58:17'),
  (946,2,'H->M','<STX>1H|^&|||elsi-host^1|||||cobas-e411|TSDWN^BATCH|P|1<CR>\rP|1<CR>\rO|1|22|^0^2^^S1^SC|^^^21^1^^^2^1|R||||||A||||1||||||||||O<CR>\rL|1|N<CR>\r<ETX>F0<CR>\r<LF>','2015-02-22 17:58:17'),
  (947,2,'H<-M','ACK','2015-02-22 17:58:23'),
  (948,2,'H->M','EOT','2015-02-22 17:58:23'),
  (949,2,'H->M','ENQ','2015-02-22 18:07:50'),
  (950,2,'H->M','ENQ','2015-02-22 18:07:52'),
  (951,2,'H<-M','ACK','2015-02-22 18:07:54'),
  (952,2,'H->M','<STX>1H|^&|||elsi-host^1|||||cobas-e411|TSDWN^BATCH|P|1<CR>\rP|1<CR>\rO|1|22|^0^2^^S1^SC|^^^21^1^^^2^1|R||||||A||||1||||||||||O<CR>\rL|1|N<CR>\r<ETX>F0<CR>\r<LF>','2015-02-22 18:07:54'),
  (953,2,'H<-M','ACK','2015-02-22 18:08:02'),
  (954,2,'H->M','EOT','2015-02-22 18:08:02'),
  (955,2,'H->M','ENQ','2015-02-22 18:10:07'),
  (956,2,'H->M','ENQ','2015-02-22 18:10:10'),
  (957,2,'H->M','ENQ','2015-02-22 18:10:12'),
  (958,2,'H<-M','ACK','2015-02-22 18:10:14'),
  (959,2,'H->M','<STX>1H|^&|||elsi-host^1|||||cobas-e411|TSDWN^BATCH|P|1<CR>\rP|1<CR>\rO|1|22|^0^2^^S1^SC|^^^21^1^^^2^1|R||||||A||||1||||||||||O<CR>\rL|1|N<CR>\r<ETX>F0<CR>\r<LF>','2015-02-22 18:10:14'),
  (960,2,'H<-M','ACK','2015-02-22 18:10:19'),
  (961,2,'H->M','EOT','2015-02-22 18:10:19'),
  (962,2,'H->M','ENQ','2015-02-22 18:21:08'),
  (963,2,'H<-M','<CR>\r','2015-02-22 18:21:10'),
  (964,2,'H->M','ENQ','2015-02-22 18:21:10'),
  (965,2,'H<-M','<LF>','2015-02-22 18:21:12'),
  (966,2,'H->M','ENQ','2015-02-22 18:21:12'),
  (967,2,'H->M','ENQ','2015-02-22 18:21:14'),
  (968,2,'H->M','ENQ','2015-02-22 18:21:16'),
  (969,2,'H<-M','ACK','2015-02-22 18:21:18'),
  (970,2,'H->M','<STX>1H|^&|||elsi-host^1|||||cobas-e411|TSDWN^BATCH|P|1<CR>\rP|1<CR>\rO|1|22|^0^2^^S1^SC|^^^21^1^^^2^1|R||||||A||||1||||||||||O<CR>\rL|1|N<CR>\r<ETX>F0<CR>\r<LF>','2015-02-22 18:21:18'),
  (971,2,'H<-M','ACK','2015-02-22 18:21:24'),
  (972,2,'H->M','EOT','2015-02-22 18:21:24'),
  (973,2,'H->M','ENQ','2015-02-22 18:22:04'),
  (974,2,'H->M','ENQ','2015-02-22 18:22:06'),
  (975,2,'H->M','ENQ','2015-02-22 18:22:08'),
  (976,2,'H->M','ENQ','2015-02-22 18:22:10'),
  (977,2,'H<-M','ACK','2015-02-22 18:22:12'),
  (978,2,'H->M','<STX>1H|^&|||elsi-host^1|||||cobas-e411|TSDWN^BATCH|P|1<CR>\rP|1<CR>\rO|1|22|^0^2^^S1^SC|^^^21^1^^^2^1|R||||||A||||1||||||||||O<CR>\rL|1|N<CR>\r<ETX>F0<CR>\r<LF>','2015-02-22 18:22:12'),
  (979,2,'H<-M','ACK','2015-02-22 18:22:28'),
  (980,2,'H->M','EOT','2015-02-22 18:22:28'),
  (981,2,'H->M','ENQ','2015-02-22 18:22:28'),
  (982,2,'H->M','ENQ','2015-02-22 18:22:30'),
  (983,2,'H->M','ENQ','2015-02-22 18:22:32'),
  (984,2,'H<-M','ACK','2015-02-22 18:22:34'),
  (985,2,'H->M','<STX>1H|^&|||elsi-host^1|||||cobas-e411|TSDWN^BATCH|P|1<CR>\rP|1<CR>\rO|1|23423|^0^3^^S1^SC|^^^21^1^^^2^1^^^3^1|R||||||A||||1||||||||||O<CR>\rL|1|N<CR>\r<ETX>C3<CR>\r<LF>','2015-02-22 18:22:34'),
  (986,2,'H<-M','ACK','2015-02-22 18:22:39'),
  (987,2,'H->M','EOT','2015-02-22 18:22:39'),
  (988,2,'H->M','ENQ','2015-02-22 18:26:51'),
  (989,2,'H->M','ENQ','2015-02-22 18:26:53'),
  (990,2,'H->M','ENQ','2015-02-22 18:26:55'),
  (991,2,'H->M','ENQ','2015-02-22 18:26:57'),
  (992,2,'H->M','ENQ','2015-02-22 18:26:59'),
  (993,2,'H->M','ENQ','2015-02-22 18:27:01'),
  (994,2,'H->M','ENQ','2015-02-22 18:27:03'),
  (995,2,'H<-M','ACK','2015-02-22 18:27:06'),
  (996,2,'H->M','<STX>1H|^&|||elsi-host^1|||||cobas-e411|TSDWN^BATCH|P|1<CR>\rP|1<CR>\rO|1|23423|^0^3^^S1^SC|^^^21^1^^^2^1^^^3^1|R||||||A||||1||||||||||O<CR>\rL|1|N<CR>\r<ETX>C3<CR>\r<LF>','2015-02-22 18:27:06'),
  (997,2,'H<-M','ACK','2015-02-22 18:27:09'),
  (998,2,'H->M','EOT','2015-02-22 18:27:09'),
  (999,2,'H->M','ENQ','2015-02-22 18:27:19'),
  (1000,2,'H->M','ENQ','2015-02-22 18:27:21');
COMMIT;

#
# Data for the `logs` table  (LIMIT 1000,500)
#

INSERT INTO `logs` (`id`, `instrument_id`, `direction`, `message`, `insert_datetime`) VALUES 
  (1001,2,'H<-M','ACK','2015-02-22 18:27:23'),
  (1002,2,'H->M','<STX>1H|^&|||elsi-host^1|||||cobas-e411|TSDWN^BATCH|P|1<CR>\rP|1<CR>\rO|1|22|^0^2^^S1^SC|^^^21^1^^^2^1|R||||||A||||1||||||||||O<CR>\rL|1|N<CR>\r<ETX>F0<CR>\r<LF>','2015-02-22 18:27:24'),
  (1003,2,'H<-M','ACK','2015-02-22 18:27:27'),
  (1004,2,'H->M','EOT','2015-02-22 18:27:27'),
  (1005,2,'H->M','ENQ','2015-02-22 18:29:46'),
  (1006,2,'H->M','ENQ','2015-02-22 18:29:48'),
  (1007,2,'H->M','ENQ','2015-02-22 18:29:50'),
  (1008,2,'H->M','ENQ','2015-02-22 18:29:52'),
  (1009,2,'H->M','ENQ','2015-02-22 18:29:54'),
  (1010,2,'H<-M','ACK','2015-02-22 18:29:56'),
  (1011,2,'H->M','<STX>1H|^&|||elsi-host^1|||||cobas-e411|TSDWN^BATCH|P|1<CR>\rP|1<CR>\rO|1|22|^0^2^^S1^SC|^^^21^1^^^2^1|R||||||A||||1||||||||||O<CR>\rL|1|N<CR>\r<ETX>F0<CR>\r<LF>','2015-02-22 18:29:56'),
  (1012,2,'H<-M','ACK','2015-02-22 18:29:58'),
  (1013,2,'H->M','EOT','2015-02-22 18:29:58'),
  (1014,2,'H->M','ENQ','2015-02-22 18:29:58'),
  (1015,2,'H->M','ENQ','2015-02-22 18:30:00'),
  (1016,2,'H->M','ENQ','2015-02-22 18:30:02'),
  (1017,2,'H->M','ENQ','2015-02-22 18:30:04'),
  (1018,2,'H->M','ENQ','2015-02-22 18:30:06'),
  (1019,2,'H<-M','ACK','2015-02-22 18:30:08'),
  (1020,2,'H->M','<STX>1H|^&|||elsi-host^1|||||cobas-e411|TSDWN^BATCH|P|1<CR>\rP|1<CR>\rO|1|23423|^0^3^^S1^SC|^^^21^1^^^2^1^^^3^1|R||||||A||||1||||||||||O<CR>\rL|1|N<CR>\r<ETX>C3<CR>\r<LF>','2015-02-22 18:30:08'),
  (1021,2,'H<-M','ACK','2015-02-22 18:30:11'),
  (1022,2,'H->M','EOT','2015-02-22 18:30:11'),
  (1023,2,'H->M','ENQ','2015-02-22 18:55:06'),
  (1024,2,'H->M','ENQ','2015-02-22 18:55:08'),
  (1025,2,'H<-M','ACK','2015-02-22 18:55:10'),
  (1026,2,'H->M','<STX>1H|^&|||elsi-host^1|||||cobas-e411|TSDWN^BATCH|P|1<CR>\rP|1<CR>\rO|1|22|^0^2^^S1^SC|^^^21^1^^^2^1|R||||||A||||1||||||||||O<CR>\rL|1|N<CR>\r<ETX>F0<CR>\r<LF>','2015-02-22 18:55:10'),
  (1027,2,'H<-M','ACK','2015-02-22 18:55:16'),
  (1028,2,'H->M','EOT','2015-02-22 18:55:16'),
  (1029,2,'H->M','ENQ','2015-02-22 18:55:16'),
  (1030,2,'H->M','ENQ','2015-02-22 18:55:18'),
  (1031,2,'H<-M','ACK','2015-02-22 18:55:20'),
  (1032,2,'H->M','<STX>1H|^&|||elsi-host^1|||||cobas-e411|TSDWN^BATCH|P|1<CR>\rP|1<CR>\rO|1|23423|^0^3^^S1^SC|^^^21^1^^^2^1^^^3^1|R||||||A||||1||||||||||O<CR>\rL|1|N<CR>\r<ETX>C3<CR>\r<LF>','2015-02-22 18:55:20'),
  (1033,2,'H<-M','ACK','2015-02-22 18:55:28'),
  (1034,2,'H->M','EOT','2015-02-22 18:55:28'),
  (1035,2,'H<-M','<STX>1asdasdasd<ETX><CR>\r<LF><ETX><ETX>','2015-02-22 19:02:32'),
  (1036,2,'H->M','NACK','2015-02-22 19:02:32'),
  (1037,2,'H<-M','<STX>1Test<ETX>D4<CR>\r<LF>','2015-02-22 19:03:42'),
  (1038,2,'H->M','ACK','2015-02-22 19:03:42'),
  (1039,2,'H<-M','EOT','2015-02-22 19:03:59'),
  (1040,2,'H<-M','<STX>1H|^&|||elsi-host^1|||||cobas-e411|TSREQ^REAL|P|1<CR>\rQ|1|^^000004^40^0^5^^S1^SC||ALL||||||||O<CR>\rL|1|N<CR>\r<ETX>70<CR>\r<LF>','2015-02-22 21:34:18'),
  (1041,2,'H->M','ACK','2015-02-22 21:34:18'),
  (1042,2,'H<-M','EOT','2015-02-22 21:34:31'),
  (1043,2,'H->M','ENQ','2015-02-22 21:38:01'),
  (1044,2,'H->M','ENQ','2015-02-22 21:38:03'),
  (1045,2,'H->M','ENQ','2015-02-22 21:38:05'),
  (1046,2,'H->M','ENQ','2015-02-22 21:38:07'),
  (1047,2,'H->M','ENQ','2015-02-22 21:38:09'),
  (1048,2,'H->M','ENQ','2015-02-22 21:38:11'),
  (1049,2,'H->M','ENQ','2015-02-22 21:38:23'),
  (1050,2,'H->M','ENQ','2015-02-22 21:38:25'),
  (1051,2,'H->M','ENQ','2015-02-22 21:38:27'),
  (1052,2,'H->M','ENQ','2015-02-22 21:38:29'),
  (1053,2,'H->M','ENQ','2015-02-22 21:38:31'),
  (1054,2,'H->M','ENQ','2015-02-22 21:38:33'),
  (1055,2,'H<-M','<STX>1H|^&|||elsi-host^1|||||cobas-e411|TSREQ^REAL|P|1<CR>\rQ|1|^^000004^40^0^5^^S1^SC||ALL||||||||O<CR>\rL|1|N<CR>\r<ETX>70<CR>\r<LF>','2015-02-22 21:39:01'),
  (1056,2,'H->M','ACK','2015-02-22 21:39:01'),
  (1057,2,'H<-M','EOT','2015-02-22 21:39:08'),
  (1058,2,'H->M','ENQ','2015-02-22 21:39:08'),
  (1059,2,'H->M','ENQ','2015-02-22 21:39:10'),
  (1060,2,'H->M','ENQ','2015-02-22 21:39:12'),
  (1061,2,'H->M','ENQ','2015-02-22 21:39:14'),
  (1062,2,'H->M','ENQ','2015-02-22 21:39:16'),
  (1063,2,'H->M','ENQ','2015-02-22 21:39:18'),
  (1064,2,'H<-M','<EOT>','2015-02-22 21:42:10'),
  (1065,2,'H<-M','<STX>1H|^&|||elsi-host^1|||||cobas-e411|TSREQ^REAL|P|1<CR>\rQ|1|^^000004^40^0^5^^S1^SC||ALL||||||||O<CR>\rL|1|N<CR>\r<ETX>70<CR>\r<LF>','2015-02-22 21:42:35'),
  (1066,2,'H->M','ACK','2015-02-22 21:42:35'),
  (1067,2,'H<-M','EOT','2015-02-22 21:42:44'),
  (1068,2,'H->M','ENQ','2015-02-22 21:42:44'),
  (1069,2,'H->M','ENQ','2015-02-22 21:42:46'),
  (1070,2,'H->M','ENQ','2015-02-22 21:42:48'),
  (1071,2,'H->M','ENQ','2015-02-22 21:42:50'),
  (1072,2,'H<-M','ACK','2015-02-22 21:42:52'),
  (1073,2,'H->M','<STX>1H|^&|||elsi-host^1|||||cobas-e411|TSDWN^REPLY|P|1<CR>\rP|1<CR>\rO|1|000004|^0^2^^S1^SC|^^^21^1^^^9^1|R||||||A||||1||||||||||O<CR>\rL|1|N<CR>\r<ETX>E1<CR>\r<LF>','2015-02-22 21:42:52'),
  (1074,2,'H<-M','ACK','2015-02-22 21:43:01'),
  (1075,2,'H->M','EOT','2015-02-22 21:43:01'),
  (1076,2,'H<-M','<STX>1H|^&|||elsi-host^1|||||cobas-e411|TSREQ^REAL|P|1<CR>\rQ|1|^^000004^40^0^5^^S1^SC||ALL||||||||O<CR>\rL|1|N<CR>\r<ETX>70<CR>\r<LF>','2015-02-22 21:48:33'),
  (1077,2,'H->M','ACK','2015-02-22 21:48:33'),
  (1078,2,'H<-M','EOT','2015-02-22 21:48:40'),
  (1079,2,'H->M','ENQ','2015-02-22 21:48:40'),
  (1080,2,'H->M','ENQ','2015-02-22 21:48:42'),
  (1081,2,'H->M','ENQ','2015-02-22 21:48:44'),
  (1082,2,'H->M','ENQ','2015-02-22 21:48:46'),
  (1083,2,'H->M','ENQ','2015-02-22 21:48:48'),
  (1084,2,'H<-M','ACK','2015-02-22 21:48:50'),
  (1085,2,'H->M','<STX>1H|^&|||elsi-host^1|||||cobas-e411|TSDWN^REPLY|P|1<CR>\rP|1<CR>\rO|1|000004|^0^2^^S1^SC|^^^21^1^^^9^1|R||||||A||||1||||||||||O<CR>\rL|1|N<CR>\r<ETX>E1<CR>\r<LF>','2015-02-22 21:48:50'),
  (1086,2,'H<-M','ACK','2015-02-22 21:48:55'),
  (1087,2,'H->M','EOT','2015-02-22 21:48:55'),
  (1088,2,'H<-M','<STX>1H|^&|||elsi-host^1|||||cobas-e411|TSREQ^REAL|P|1<CR>\rQ|1|^^000004^40^0^5^^S1^SC||ALL||||||||O<CR>\rL|1|N<CR>\r<ETX>70<CR>\r<LF>','2015-02-22 21:50:35'),
  (1089,2,'H->M','ACK','2015-02-22 21:50:35'),
  (1090,2,'H<-M','EOT','2015-02-22 21:50:44'),
  (1091,2,'H->M','ENQ','2015-02-22 21:50:44'),
  (1092,2,'H->M','ENQ','2015-02-22 21:50:46'),
  (1093,2,'H->M','ENQ','2015-02-22 21:50:48'),
  (1094,2,'H->M','ENQ','2015-02-22 21:50:50'),
  (1095,2,'H->M','ENQ','2015-02-22 21:50:52'),
  (1096,2,'H<-M','ACK','2015-02-22 21:50:54'),
  (1097,2,'H->M','<STX>1H|^&|||elsi-host^1|||||cobas-e411|TSDWN^REPLY|P|1<CR>\rP|1<CR>\rO|1|000004|^0^2^^S1^SC|^^^21^1^^^9^1|R||||||A||||1||||||||||O<CR>\rL|1|N<CR>\r<ETX>E1<CR>\r<LF>','2015-02-22 21:50:54'),
  (1098,2,'H<-M','ACK','2015-02-22 21:51:05'),
  (1099,2,'H->M','EOT','2015-02-22 21:51:05'),
  (1100,2,'H<-M','<STX>1H|^&|||elsi-host^1|||||cobas-e411|TSREQ^REAL|P|1<CR>\rQ|1|^^000004^40^0^5^^S1^SC||ALL||||||||O<CR>\rL|1|N<CR>\r<ETX>70<CR>\r<LF>','2015-02-22 21:54:57'),
  (1101,2,'H->M','ACK','2015-02-22 21:54:57'),
  (1102,2,'H<-M','EOT','2015-02-22 21:55:18'),
  (1103,2,'H->M','ENQ','2015-02-22 21:55:18'),
  (1104,2,'H->M','ENQ','2015-02-22 21:55:20'),
  (1105,2,'H->M','ENQ','2015-02-22 21:55:22'),
  (1106,2,'H->M','ENQ','2015-02-22 21:55:24'),
  (1107,2,'H<-M','ACK','2015-02-22 21:55:26'),
  (1108,2,'H->M','<STX>1H|^&|||elsi-host^1|||||cobas-e411|TSDWN^REPLY|P|1<CR>\rP|1<CR>\rO|1|000004|^0^2^^S1^SC|^^^21^1^^^9^1|R||||||A||||1||||||||||O<CR>\rL|1|N<CR>\r<ETX>E1<CR>\r<LF>','2015-02-22 21:55:26'),
  (1109,2,'H<-M','ACK','2015-02-22 21:55:34'),
  (1110,2,'H->M','EOT','2015-02-22 21:55:34'),
  (1111,2,'H<-M','<STX>1H|^&|||elsi-host^1|||||cobas-e411|TSREQ^REAL|P|1<CR>\rQ|1|^^000004^40^0^5^^S1^SC||ALL||||||||O<CR>\rL|1|N<CR>\r<ETX>70<CR>\r<LF>','2015-02-22 21:56:06'),
  (1112,2,'H->M','ACK','2015-02-22 21:56:06'),
  (1113,2,'H<-M','EOT','2015-02-22 21:56:18'),
  (1114,2,'H->M','ENQ','2015-02-22 21:56:18'),
  (1115,2,'H->M','ENQ','2015-02-22 21:56:20'),
  (1116,2,'H->M','ENQ','2015-02-22 21:56:22'),
  (1117,2,'H->M','ENQ','2015-02-22 21:56:24'),
  (1118,2,'H<-M','ACK','2015-02-22 21:56:26'),
  (1119,2,'H->M','<STX>1H|^&|||elsi-host^1|||||cobas-e411|TSDWN^REPLY|P|1<CR>\rP|1<CR>\rO|1|000004|^0^2^^S1^SC|^^^21^1^^^9^1|R||||||A||||1||||||||||O<CR>\rL|1|N<CR>\r<ETX>E1<CR>\r<LF>','2015-02-22 21:56:26'),
  (1120,2,'H<-M','ACK','2015-02-22 21:56:43'),
  (1121,2,'H->M','EOT','2015-02-22 21:56:43'),
  (1122,2,'H<-M','<STX>1H|^&|||cobas-e411^1|||||host|TSREQ^REAL|P|1<CR>\rQ|1|^^000004^40^0^5^^S1^SC||ALL||||||||O<CR>\rL|1|N<CR>\r<ETX>96<CR>\r<LF>','2015-02-22 23:54:16'),
  (1123,2,'H->M','ACK','2015-02-22 23:54:17'),
  (1124,2,'H<-M','EOT','2015-02-22 23:54:32'),
  (1125,2,'H<-M','<STX>1H|^&|||cobas-e411^1|||||host|TSREQ^REAL|P|1<CR>\rQ|1|^^000004^40^0^5^^S1^SC||ALL||||||||O<CR>\rL|1|N<CR>\r<ETX>96<CR>\r<LF>','2015-02-22 23:59:10'),
  (1126,2,'H->M','ACK','2015-02-22 23:59:10'),
  (1127,2,'H<-M','EOT','2015-02-22 23:59:14'),
  (1128,2,'H->M','ENQ','2015-02-22 23:59:14'),
  (1129,2,'H->M','ENQ','2015-02-22 23:59:16'),
  (1130,2,'H->M','ENQ','2015-02-22 23:59:18'),
  (1131,2,'H<-M','ACK','2015-02-22 23:59:20'),
  (1132,2,'H<-M','<STX>1H|^&|||cobas-e411^1|||||host|TSREQ^REAL|P|1<CR>\rQ|1|^^000004^40^0^5^^S1^SC||ALL||||||||O<CR>\rL|1|N<CR>\r<ETX>96<CR>\r<LF>','2015-02-23 00:00:41'),
  (1133,2,'H->M','ACK','2015-02-23 00:00:41'),
  (1134,2,'H<-M','EOT','2015-02-23 00:00:47'),
  (1135,2,'H->M','ENQ','2015-02-23 00:00:47'),
  (1136,2,'H->M','ENQ','2015-02-23 00:00:49'),
  (1137,2,'H->M','ENQ','2015-02-23 00:00:51'),
  (1138,2,'H<-M','ACK','2015-02-23 00:00:53'),
  (1139,2,'H->M','<STX>1H|^&|||elsi-host^1|||||cobas-e411|TSDWN^REPLY|P|1<CR>\rP|1<CR>\rO|1|000004|40^0^5^^S1^SC||R||||||A||||1||||||||||O<CR>\rL|1|N<CR>\r<ETX>FE<CR>\r<LF>','2015-02-23 00:00:53'),
  (1140,2,'H<-M','ACK','2015-02-23 00:01:04'),
  (1141,2,'H->M','EOT','2015-02-23 00:01:04'),
  (1142,2,'H<-M','<STX>1H|^&|||cobas-e411^1|||||host|TSREQ^REAL|P|1<CR>\rQ|1|^^@40^40^0^5^^S1^SC||ALL||||||||O<CR>\rL|1|N<CR>\r<ETX>16<CR>\r<LF>','2015-02-23 05:50:38'),
  (1143,2,'H->M','ACK','2015-02-23 05:50:38'),
  (1144,2,'H->M','ENQ','2015-02-23 05:50:58'),
  (1145,2,'H->M','ENQ','2015-02-23 05:51:00'),
  (1146,2,'H->M','ENQ','2015-02-23 05:51:02'),
  (1147,2,'H->M','ENQ','2015-02-23 05:51:04'),
  (1148,2,'H<-M','ACK','2015-02-23 05:51:06'),
  (1149,2,'H->M','<STX>1H|^&|||elsi-host^1|||||cobas-e411|TSDWN^REPLY|P|1<CR>\rP|1<CR>\rO|1|@40|40^0^5^^S1^SC||R||||||A||||1||||||||||O<CR>\rL|1|N<CR>\r<ETX>7E<CR>\r<LF>','2015-02-23 05:51:06'),
  (1150,2,'H<-M','ACK','2015-02-23 05:51:16'),
  (1151,2,'H->M','EOT','2015-02-23 05:51:16'),
  (1152,2,'H<-M','<STX>1H|^&|||cobas-e411^1|||||host|TSREQ^REAL|P|1<CR>\rQ|1|^^@40^40^0^5^^S1^SC||ALL||||||||O<CR>\rL|1|N<CR>\r<ETX>16<CR>\r<LF>','2015-02-23 05:52:00'),
  (1153,2,'H->M','ACK','2015-02-23 05:52:00'),
  (1154,2,'H<-M','EOT','2015-02-23 05:52:07'),
  (1155,2,'H->M','ENQ','2015-02-23 05:52:07'),
  (1156,2,'H->M','ENQ','2015-02-23 05:52:09'),
  (1157,2,'H->M','ENQ','2015-02-23 05:52:11'),
  (1158,2,'H->M','ENQ','2015-02-23 05:52:13'),
  (1159,2,'H<-M','ACK','2015-02-23 05:52:15'),
  (1160,2,'H->M','<STX>1H|^&|||elsi-host^1|||||cobas-e411|TSDWN^REPLY|P|1<CR>\rP|1<CR>\rO|1|@40|40^0^5^^S1^SC||R||||||A||||1||||||||||O<CR>\rL|1|N<CR>\r<ETX>7E<CR>\r<LF>','2015-02-23 05:52:15'),
  (1161,2,'H<-M','ACK','2015-02-23 05:52:30'),
  (1162,2,'H->M','EOT','2015-02-23 05:52:31'),
  (1163,2,'H<-M','<STX>1H|^&|||cobas-e411^1|||||host|TSREQ^REAL|P|1<CR>\rQ|1|^^@40^40^0^5^^S1^SC||ALL||||||||O<CR>\rL|1|N<CR>\r<ETX>16<CR>\r<LF>','2015-02-23 05:56:19'),
  (1164,2,'H->M','ACK','2015-02-23 05:56:19'),
  (1165,2,'H<-M','EOT','2015-02-23 05:56:27'),
  (1166,2,'H->M','ENQ','2015-02-23 05:56:27'),
  (1167,2,'H->M','ENQ','2015-02-23 05:56:29'),
  (1168,2,'H->M','ENQ','2015-02-23 05:56:31'),
  (1169,2,'H->M','ENQ','2015-02-23 05:56:33'),
  (1170,2,'H<-M','ACK','2015-02-23 05:56:35'),
  (1171,2,'H->M','<STX>1H|^&|||elsi-host^1|||||cobas-e411|TSDWN^REPLY|P|1<CR>\rP|1<CR>\rO|1|12345|^0^5^^S1^SC|^^^21^1^^^31^1|R||||||A||||1||||||||||O<CR>\rL|1|N<CR>\r<ETX>EA<CR>\r<LF>','2015-02-23 05:56:35'),
  (1172,2,'H<-M','ACK','2015-02-23 05:57:24'),
  (1173,2,'H->M','EOT','2015-02-23 05:57:24'),
  (1174,2,'H<-M','<STX>1H|^&|||cobas-e411^1|||||host|TSREQ^REAL|P|1<CR>\rQ|1|^^@40^40^0^7^^S1^SC||ALL||||||||O<CR>\rL|1|N<CR>\r<ETX>18<CR>\r<LF>','2015-02-23 05:58:52'),
  (1175,2,'H->M','ACK','2015-02-23 05:58:53'),
  (1176,2,'H<-M','EOT','2015-02-23 05:59:05'),
  (1177,2,'H->M','ENQ','2015-02-23 05:59:05'),
  (1178,2,'H->M','ENQ','2015-02-23 05:59:07'),
  (1179,2,'H->M','ENQ','2015-02-23 05:59:09'),
  (1180,2,'H->M','ENQ','2015-02-23 05:59:11'),
  (1181,2,'H<-M','ACK','2015-02-23 05:59:13'),
  (1182,2,'H->M','<STX>1H|^&|||elsi-host^1|||||cobas-e411|TSDWN^REPLY|P|1<CR>\rP|1<CR>\rO|1|@40|40^0^7^^S1^SC||R||||||A||||1||||||||||O<CR>\rL|1|N<CR>\r<ETX>80<CR>\r<LF>','2015-02-23 05:59:13'),
  (1183,2,'H<-M','ACK','2015-02-23 05:59:32'),
  (1184,2,'H->M','EOT','2015-02-23 05:59:32'),
  (1185,2,'H->M','ENQ','2015-02-23 08:04:58'),
  (1186,2,'H<-M','ACK','2015-02-23 08:05:00'),
  (1187,2,'H->M','<STX>1H|^&|||elsi-host^1|||||cobas-e411|TSDWN^BATCH|P|1<CR>\rP|1<CR>\rO|1|000004|^0^2^^S1^SC|^^^21^1^^^9^1|R||||||A||||1||||||||||O<CR>\rL|1|N<CR>\r<ETX>B7<CR>\r<LF>','2015-02-23 08:05:00'),
  (1188,2,'H<-M','ACK','2015-02-23 08:05:00'),
  (1189,2,'H->M','EOT','2015-02-23 08:05:00'),
  (1190,2,'H->M','ENQ','2015-02-23 08:08:10'),
  (1191,2,'H<-M','ACK','2015-02-23 08:08:12'),
  (1192,2,'H->M','<STX>1H|^&|||elsi-host^1|||||cobas-e411|TSDWN^BATCH|P|1<CR>\rP|1<CR>\rO|1|23423|^0^3^^S1^SC|^^^21^1^^^2^1^^^3^1|R||||||A||||1||||||||||O<CR>\rL|1|N<CR>\r<ETX>C3<CR>\r<LF>','2015-02-23 08:08:12'),
  (1193,2,'H<-M','ACK','2015-02-23 08:08:13'),
  (1194,2,'H->M','EOT','2015-02-23 08:08:13'),
  (1195,2,'H->M','ENQ','2015-02-23 08:08:13'),
  (1196,2,'H<-M','ACK','2015-02-23 08:08:15'),
  (1197,2,'H->M','<STX>1H|^&|||elsi-host^1|||||cobas-e411|TSDWN^BATCH|P|1<CR>\rP|1<CR>\rO|1|12345|^0^5^^S1^SC|^^^21^1^^^31^1|R||||||A||||1||||||||||O<CR>\rL|1|N<CR>\r<ETX>C0<CR>\r<LF>','2015-02-23 08:08:15'),
  (1198,2,'H<-M','ACK','2015-02-23 08:08:15'),
  (1199,2,'H->M','EOT','2015-02-23 08:08:15'),
  (1200,2,'H->M','ENQ','2015-02-23 08:13:05'),
  (1201,2,'H<-M','ACK','2015-02-23 08:13:07'),
  (1202,2,'H->M','<STX>1H|^&|||elsi-host^1|||||cobas-e411|TSDWN^BATCH|P|1<CR>\rP|1<CR>\rO|1|12345|^0^5^^S1^SC|^^^21^1^^^10^1|R||||||A||||1||||||||||O<CR>\rL|1|N<CR>\r<ETX>BD<CR>\r<LF>','2015-02-23 08:13:07'),
  (1203,2,'H<-M','ACK','2015-02-23 08:13:07'),
  (1204,2,'H->M','EOT','2015-02-23 08:13:07'),
  (1205,2,'H->M','ENQ','2015-02-23 08:49:57'),
  (1206,2,'H<-M','ACK','2015-02-23 08:49:59'),
  (1207,2,'H->M','<STX>1H|^&|||elsi-host^1|||||cobas-e411|TSDWN^BATCH|P|1<CR>\rP|1<CR>\rO|1|15|^0^1^^S1^SC|^^^15^1|R||||||A||||1||||||||||O<CR>\rL|1|N<CR>\r<ETX>BD<CR>\r<LF>','2015-02-23 08:49:59'),
  (1208,2,'H<-M','ACK','2015-02-23 08:49:59'),
  (1209,2,'H->M','EOT','2015-02-23 08:49:59'),
  (1210,2,'H<-M','<STX>1H|^&|||cobas-e411^1|||||host|RSUPL^BATCH|P|1<CR>\rP|1<CR>\rO|1|15|1^0^1^^S1^SC|^^^15^1|R||20150223085258||||N||||1|||||||20150223092134|||F<CR>\rR|1|^^^15/1/not|12.81|uU/ml||N||F|||||E1<CR>\rL|1|N<CR>\r<ETX>BD<CR>\r<LF>','2015-02-23 09:22:40'),
  (1211,2,'H->M','ACK','2015-02-23 09:22:40'),
  (1212,2,'H<-M','EOT','2015-02-23 09:22:40'),
  (1213,2,'H->M','ENQ','2015-02-23 10:16:35'),
  (1214,2,'H<-M','ACK','2015-02-23 10:16:37'),
  (1215,2,'H->M','<STX>1H|^&|||elsi-host^1|||||cobas-e411|TSDWN^BATCH|P|1<CR>\rP|1<CR>\rO|1|123_Petrov_Ivan|^0^5^^S1^SC|^^^21^1^^^10^1|R||||||A||||1||||||||||O<CR>\rL|1|N<CR>\r<ETX>20<CR>\r<LF>','2015-02-23 10:16:37'),
  (1216,2,'H<-M','ACK','2015-02-23 10:16:37'),
  (1217,2,'H->M','EOT','2015-02-23 10:16:38'),
  (1218,2,'H->M','ENQ','2015-02-23 10:21:59'),
  (1219,2,'H<-M','ACK','2015-02-23 10:22:01'),
  (1220,2,'H->M','<STX>1H|^&|||elsi-host^1|||||cobas-e411|TSDWN^BATCH|P|1<CR>\rP|1<CR>\rO|1|22|^0^1^^S1^SC|^^^9^1|R||||||A||||1||||||||||O<CR>\rL|1|N<CR>\r<ETX>8E<CR>\r<LF>','2015-02-23 10:22:01'),
  (1221,2,'H<-M','ACK','2015-02-23 10:22:01'),
  (1222,2,'H->M','EOT','2015-02-23 10:22:01'),
  (1223,2,'H->M','ENQ','2015-02-23 10:22:21'),
  (1224,2,'H<-M','ACK','2015-02-23 10:22:23'),
  (1225,2,'H->M','<STX>1H|^&|||elsi-host^1|||||cobas-e411|TSDWN^BATCH|P|1<CR>\rP|1<CR>\rO|1|23|^0^2^^S1^SC|^^^6^1|R||||||A||||1||||||||||O<CR>\rL|1|N<CR>\r<ETX>8D<CR>\r<LF>','2015-02-23 10:22:24'),
  (1226,2,'H<-M','ACK','2015-02-23 10:22:24'),
  (1227,2,'H->M','EOT','2015-02-23 10:22:24'),
  (1228,2,'H->M','ENQ','2015-02-23 10:22:44'),
  (1229,2,'H<-M','ACK','2015-02-23 10:22:46'),
  (1230,2,'H->M','<STX>1H|^&|||elsi-host^1|||||cobas-e411|TSDWN^BATCH|P|1<CR>\rP|1<CR>\rO|1|502|^0^3^^S1^SC|^^^11^1|R||||||A||||1||||||||||O<CR>\rL|1|N<CR>\r<ETX>EC<CR>\r<LF>','2015-02-23 10:22:46'),
  (1231,2,'H<-M','ACK','2015-02-23 10:22:46'),
  (1232,2,'H->M','EOT','2015-02-23 10:22:46'),
  (1233,2,'H->M','ENQ','2015-02-23 10:22:56'),
  (1234,2,'H<-M','ACK','2015-02-23 10:22:58'),
  (1235,2,'H->M','<STX>1H|^&|||elsi-host^1|||||cobas-e411|TSDWN^BATCH|P|1<CR>\rP|1<CR>\rO|1|501|^0^4^^S1^SC|^^^11^1|R||||||A||||1||||||||||O<CR>\rL|1|N<CR>\r<ETX>EC<CR>\r<LF>','2015-02-23 10:22:58'),
  (1236,2,'H<-M','ACK','2015-02-23 10:22:58'),
  (1237,2,'H->M','EOT','2015-02-23 10:22:58'),
  (1238,2,'H->M','ENQ','2015-02-23 10:23:18'),
  (1239,2,'H<-M','ACK','2015-02-23 10:23:20'),
  (1240,2,'H->M','<STX>1H|^&|||elsi-host^1|||||cobas-e411|TSDWN^BATCH|P|1<CR>\rP|1<CR>\rO|1|29|^0^5^^S1^SC|^^^18^1|R||||||A||||1||||||||||O<CR>\rL|1|N<CR>\r<ETX>C9<CR>\r<LF>','2015-02-23 10:23:20'),
  (1241,2,'H<-M','ACK','2015-02-23 10:23:21'),
  (1242,2,'H->M','EOT','2015-02-23 10:23:21'),
  (1243,2,'H<-M','<STX>1H|^&|||cobas-e411^1|||||host|RSUPL^REAL|P|1<CR>\rP|1<CR>\rO|1|22|3^0^1^^S1^SC|^^^9^1|R||20150223102500||||N||||1|||||||20150223105105|||F<CR>\rR|1|^^^9/1/not|16.02|U/ml||N||F|||||E1<CR>\rL|1|N<CR>\r<ETX>92<CR>\r<LF>','2015-02-23 10:48:03'),
  (1244,2,'H->M','ACK','2015-02-23 10:48:03'),
  (1245,2,'H<-M','EOT','2015-02-23 10:48:03'),
  (1246,2,'H<-M','<STX>1H|^&|||cobas-e411^1|||||host|RSUPL^REAL|P|1<CR>\rP|1<CR>\rO|1|23|4^0^2^^S1^SC|^^^6^1|R||20150223102522||||N||||1|||||||20150223105147|||F<CR>\rR|1|^^^6/1/not|0.677|mIU/ml||N||F|||||E1<CR>\rL|1|N<CR>\r<ETX>5A<CR>\r<LF>','2015-02-23 10:48:44'),
  (1247,2,'H->M','ACK','2015-02-23 10:48:44'),
  (1248,2,'H<-M','EOT','2015-02-23 10:48:44'),
  (1249,2,'H<-M','<STX>1H|^&|||cobas-e411^1|||||host|RSUPL^REAL|P|1<CR>\rP|1<CR>\rO|1|502|5^0^3^^S1^SC|^^^11^1|R||20150223102544||||N||||1|||||||20150223105229|||F<CR>\rR|1|^^^11/1/not|0.348|ng/ml||N||F|||||E1<CR>\rL|1|N<CR>\r<ETX>B0<CR>\r<LF>','2015-02-23 10:49:25'),
  (1250,2,'H->M','ACK','2015-02-23 10:49:25'),
  (1251,2,'H<-M','EOT','2015-02-23 10:49:25'),
  (1252,2,'H<-M','<STX>1H|^&|||cobas-e411^1|||||host|RSUPL^REAL|P|1<CR>\rP|1<CR>\rO|1|501|6^0^4^^S1^SC|^^^11^1|R||20150223102557||||N||||1|||||||20150223105311|||F<CR>\rR|1|^^^11/1/not|1.14|ng/ml||N||F|||||E1<CR>\rL|1|N<CR>\r<ETX>74<CR>\r<LF>','2015-02-23 10:50:05'),
  (1253,2,'H->M','ACK','2015-02-23 10:50:05'),
  (1254,2,'H<-M','EOT','2015-02-23 10:50:05'),
  (1255,2,'H<-M','<STX>1H|^&|||cobas-e411^1|||||host|RSUPL^REAL|P|1<CR>\rP|1<CR>\rO|1|29|7^0^5^^S1^SC|^^^18^1|R||20150223102619||||N||||1|||||||20150223105353|||F<CR>\rR|1|^^^18/1/not|0.048|ug/l||N||F|||||E1<CR>\rL|1|N<CR>\r<ETX>2E<CR>\r<LF>','2015-02-23 10:50:56'),
  (1256,2,'H->M','ACK','2015-02-23 10:50:56'),
  (1257,2,'H<-M','EOT','2015-02-23 10:50:56'),
  (1258,2,'H->M','ENQ','2015-02-23 11:37:12'),
  (1259,2,'H<-M','ACK','2015-02-23 11:37:14'),
  (1260,2,'H->M','<STX>1H|^&|||elsi-host^1|||||cobas-e411|TSDWN^BATCH|P|1<CR>\rP|1<CR>\rO|1|33|^0^1^^S1^SC|^^^19^1|R||||||A||||1||||||||||O<CR>\rL|1|N<CR>\r<ETX>C1<CR>\r<LF>','2015-02-23 11:37:15'),
  (1261,2,'H<-M','ACK','2015-02-23 11:37:15'),
  (1262,2,'H->M','EOT','2015-02-23 11:37:15'),
  (1263,2,'H->M','ENQ','2015-02-23 11:37:35'),
  (1264,2,'H<-M','ACK','2015-02-23 11:37:37'),
  (1265,2,'H->M','<STX>1H|^&|||elsi-host^1|||||cobas-e411|TSDWN^BATCH|P|1<CR>\rP|1<CR>\rO|1|800|^0^2^^S1^SC|^^^13^1|R||||||A||||1||||||||||O<CR>\rL|1|N<CR>\r<ETX>EE<CR>\r<LF>','2015-02-23 11:37:37'),
  (1266,2,'H<-M','ACK','2015-02-23 11:37:37'),
  (1267,2,'H->M','EOT','2015-02-23 11:37:37'),
  (1268,2,'H->M','ENQ','2015-02-23 11:37:47'),
  (1269,2,'H<-M','ACK','2015-02-23 11:37:49'),
  (1270,2,'H->M','<STX>1H|^&|||elsi-host^1|||||cobas-e411|TSDWN^BATCH|P|1<CR>\rP|1<CR>\rO|1|38|^0^3^^S1^SC|^^^13^1|R||||||A||||1||||||||||O<CR>\rL|1|N<CR>\r<ETX>C2<CR>\r<LF>','2015-02-23 11:37:49'),
  (1271,2,'H<-M','ACK','2015-02-23 11:37:49'),
  (1272,2,'H->M','EOT','2015-02-23 11:37:49'),
  (1273,2,'H->M','ENQ','2015-02-23 11:38:19'),
  (1274,2,'H<-M','ACK','2015-02-23 11:38:22'),
  (1275,2,'H->M','<STX>1H|^&|||elsi-host^1|||||cobas-e411|TSDWN^BATCH|P|1<CR>\rP|1<CR>\rO|1|42|^0^4^^S1^SC|^^^11^1|R||||||A||||1||||||||||O<CR>\rL|1|N<CR>\r<ETX>BC<CR>\r<LF>','2015-02-23 11:38:22'),
  (1276,2,'H<-M','ACK','2015-02-23 11:38:22'),
  (1277,2,'H->M','EOT','2015-02-23 11:38:22'),
  (1278,2,'H<-M','<ENQ>','2015-02-23 12:01:52'),
  (1279,2,'H->M','ACK','2015-02-23 12:01:52'),
  (1280,2,'H<-M','<STX>1H|^&|||cobas-e411^1|||||host|RSUPL^REAL|P|1<CR>\rP|1<CR>\rO|1|33|33^0^1^^S1^SC|^^^19^1|R||20150223114013||||N||||1|||||||20150223120450|||F<CR>\rR|1|^^^19/1/not|3.96|ng/ml||N||F|||||E1<CR>\rL|1|N<CR>\r<ETX>84<CR>\r<LF>','2015-02-23 12:01:52'),
  (1281,2,'H->M','ACK','2015-02-23 12:01:52'),
  (1282,2,'H<-M','EOT','2015-02-23 12:01:52'),
  (1283,2,'H<-M','<ENQ>','2015-02-23 12:03:52'),
  (1284,2,'H->M','ACK','2015-02-23 12:03:53'),
  (1285,2,'H<-M','<STX>1H|^&|||cobas-e411^1|||||host|RSUPL^REAL|P|1<CR>\rP|1<CR>\rO|1|800|34^0^2^^S1^SC|^^^13^1|R||20150223114036||||N||||1|||||||20150223120656|||F<CR>\rR|1|^^^13/1/not|-1^0.270|COI||N||F|||||E1<CR>\rL|1|N<CR>\r<ETX>9A<CR>\r<LF>','2015-02-23 12:03:53'),
  (1286,2,'H->M','ACK','2015-02-23 12:03:53'),
  (1287,2,'H<-M','EOT','2015-02-23 12:03:53'),
  (1288,2,'H<-M','<ENQ>','2015-02-23 12:06:03'),
  (1289,2,'H->M','ACK','2015-02-23 12:06:03'),
  (1290,2,'H<-M','<STX>1H|^&|||cobas-e411^1|||||host|RSUPL^REAL|P|1<CR>\rP|1<CR>\rO|1|38|35^0^3^^S1^SC|^^^13^1|R||20150223114048||||N||||1|||||||20150223120902|||F<CR>\rR|1|^^^13/1/not|-1^0.271|COI||N||F|||||E1<CR>\rL|1|N<CR>\r<ETX>6D<CR>\r<LF>','2015-02-23 12:06:03'),
  (1291,2,'H->M','ACK','2015-02-23 12:06:03'),
  (1292,2,'H<-M','EOT','2015-02-23 12:06:03'),
  (1293,2,'H<-M','<ENQ>','2015-02-23 12:06:43'),
  (1294,2,'H->M','ACK','2015-02-23 12:06:43'),
  (1295,2,'H<-M','<STX>1H|^&|||cobas-e411^1|||||host|RSUPL^REAL|P|1<CR>\rP|1<CR>\rO|1|42|36^0^4^^S1^SC|^^^11^1|R||20150223114120||||N||||1|||||||20150223120944|||F<CR>\rR|1|^^^11/1/not|0.388|ng/ml||N||F|||||E1<CR>\rL|1|N<CR>\r<ETX>B2<CR>\r<LF>','2015-02-23 12:06:43'),
  (1296,2,'H->M','ACK','2015-02-23 12:06:43'),
  (1297,2,'H<-M','EOT','2015-02-23 12:06:43'),
  (1298,2,'H->M','ENQ','2015-02-23 13:23:59'),
  (1299,2,'H->M','ENQ','2015-02-23 13:24:02'),
  (1300,2,'H->M','ENQ','2015-02-23 13:24:04'),
  (1301,2,'H->M','ENQ','2015-02-23 13:24:06'),
  (1302,2,'H->M','ENQ','2015-02-23 13:24:08'),
  (1303,2,'H<-M','ACK','2015-02-23 13:24:10'),
  (1304,2,'H->M','<STX>1H|^&|||elsi-host^1|||||cobas-e411|TSDWN^BATCH|P|1<CR>\rP|1<CR>\rO|1|42|^0^4^^S1^SC|^^^11^1|R||||||A||||1||||||||||O<CR>\rL|1|N<CR>\r<ETX>BC<CR>\r<LF>','2015-02-23 13:24:10'),
  (1305,2,'H<-M','ACK','2015-02-23 13:24:16'),
  (1306,2,'H->M','EOT','2015-02-23 13:24:16'),
  (1307,2,'H<-M','<STX>','2015-02-23 13:24:56'),
  (1308,2,'H<-M','<STX>','2015-02-23 13:24:56'),
  (1309,2,'H<-M','1','2015-02-23 13:25:06'),
  (1310,2,'H<-M','1','2015-02-23 13:25:06'),
  (1311,2,'H<-M','H','2015-02-23 13:25:16'),
  (1312,2,'H<-M','H','2015-02-23 13:25:16'),
  (1313,2,'H<-M','|','2015-02-23 13:25:26'),
  (1314,2,'H<-M','|','2015-02-23 13:25:26'),
  (1315,2,'H<-M','<ENQ>','2015-02-23 13:27:03'),
  (1316,2,'H->M','ACK','2015-02-23 13:27:03'),
  (1317,2,'H<-M','<STX>1H|^&|||cobas-e411^1|||||host|TSREQ^REAL|P|1<CR>\rQ|1|^^000004^40^0^5^^S1^SC||ALL||||||||O<CR>\rL|1|N<CR>\r<ETX>96<CR>\r<LF>','2015-02-23 13:27:16'),
  (1318,2,'H->M','ACK','2015-02-23 13:27:16'),
  (1319,2,'H<-M','EOT','2015-02-23 13:27:23'),
  (1320,2,'H->M','ENQ','2015-02-23 13:27:24'),
  (1321,2,'H->M','ENQ','2015-02-23 13:27:26'),
  (1322,2,'H->M','ENQ','2015-02-23 13:27:28'),
  (1323,2,'H->M','ENQ','2015-02-23 13:27:30'),
  (1324,2,'H<-M','ACK','2015-02-23 13:27:32'),
  (1325,2,'H->M','<STX>1H|^&|||elsi-host^1|||||cobas-e411|TSDWN^REPLY|P|1<CR>\rP|1<CR>\rO|1|000004|40^0^5^^S1^SC||R||||||A||||1||||||||||O<CR>\rL|1|N<CR>\r<ETX>FE<CR>\r<LF>','2015-02-23 13:27:32'),
  (1326,2,'H<-M','ACK','2015-02-23 13:27:40'),
  (1327,2,'H->M','EOT','2015-02-23 13:27:40'),
  (1328,2,'exception','Connection refused: connect','2015-02-24 09:36:49'),
  (1329,2,'exception','Connection refused: connect','2015-02-24 09:37:08'),
  (1330,2,'H->M','ENQ','2015-02-24 09:37:36'),
  (1331,2,'H<-M','<ACK>','2015-02-24 09:37:38'),
  (1332,2,'H->M','<STX>1H|^&|||elsi-host^1|||||cobas-e411|TSDWN^BATCH|P|1<CR>\rP|1<CR>\rO|1|15|^0^1^^S1^SC|^^^15^1|R||||||A||||1||||||||||O<CR>\rL|1|N<CR>\r<ETX>BD<CR>\r<LF>','2015-02-24 09:37:39'),
  (1333,2,'H<-M','<ACK>','2015-02-24 09:37:39'),
  (1334,2,'H->M','EOT','2015-02-24 09:37:39'),
  (1335,2,'H->M','ENQ','2015-02-24 09:53:10'),
  (1336,2,'H<-M','<ACK>','2015-02-24 09:53:12'),
  (1337,2,'H->M','<STX>1H|^&|||elsi-host^1|||||cobas-e411|TSDWN^BATCH|P|1<CR>\rP|1<CR>\rO|1|2343243|^0^1^^S1^SC|^^^2^1|R||||||A||||1||||||||||O<CR>\rL|1|N<CR>\r<ETX>88<CR>\r<LF>','2015-02-24 09:53:12'),
  (1338,2,'H<-M','<ACK>','2015-02-24 09:53:12'),
  (1339,2,'H->M','EOT','2015-02-24 09:53:12'),
  (1340,2,'H->M','ENQ','2015-02-24 09:53:32'),
  (1341,2,'H<-M','<ACK>','2015-02-24 09:53:34'),
  (1342,2,'H->M','<STX>1H|^&|||elsi-host^1|||||cobas-e411|TSDWN^BATCH|P|1<CR>\rP|1<CR>\rO|1|erererewrew|^0^2^^S1^SC|^^^1^1|R||||||A||||1||||||||||O<CR>\rL|1|N<CR>\r<ETX>D2<CR>\r<LF>','2015-02-24 09:53:35'),
  (1343,2,'H<-M','<ACK>','2015-02-24 09:53:35'),
  (1344,2,'H->M','EOT','2015-02-24 09:53:35'),
  (1345,2,'H->M','ENQ','2015-02-24 09:53:55'),
  (1346,2,'H<-M','<ACK>','2015-02-24 09:53:57'),
  (1347,2,'H->M','<STX>1H|^&|||elsi-host^1|||||cobas-e411|TSDWN^BATCH|P|1<CR>\rP|1<CR>\rO|1|45454|^0^30^^S1^SC|^^^28^1|R||||||A||||1||||||||||O<CR>\rL|1|N<CR>\r<ETX>93<CR>\r<LF>','2015-02-24 09:53:57'),
  (1348,2,'H<-M','<ACK>','2015-02-24 09:53:57'),
  (1349,2,'H->M','EOT','2015-02-24 09:53:57'),
  (1350,2,'H->M','ENQ','2015-02-24 10:09:48'),
  (1351,2,'H<-M','<ACK>','2015-02-24 10:09:50'),
  (1352,2,'H->M','<STX>1H|^&|||elsi-host^1|||||cobas-e411|TSDWN^BATCH|P|1<CR>\rP|1<CR>\rO|1|4|^0^1^^S1^SC|^^^3^1|R||||||A||||1||||||||||O<CR>\rL|1|N<CR>\r<ETX>58<CR>\r<LF>','2015-02-24 10:09:50'),
  (1353,2,'H<-M','<ACK>','2015-02-24 10:09:50'),
  (1354,2,'H->M','EOT','2015-02-24 10:09:50'),
  (1355,2,'H->M','ENQ','2015-02-24 10:10:50'),
  (1356,2,'H<-M','<ACK>','2015-02-24 10:10:52'),
  (1357,2,'H->M','<STX>1H|^&|||elsi-host^1|||||cobas-e411|TSDWN^BATCH|P|1<CR>\rP|1<CR>\rO|1|6|^0^2^^S1^SC|^^^19^1|R||||||A||||1||||||||||O<CR>\rL|1|N<CR>\r<ETX>92<CR>\r<LF>','2015-02-24 10:10:52'),
  (1358,2,'H<-M','<ACK>','2015-02-24 10:10:52'),
  (1359,2,'H->M','EOT','2015-02-24 10:10:53'),
  (1360,2,'H->M','ENQ','2015-02-24 10:11:13'),
  (1361,2,'H<-M','<ACK>','2015-02-24 10:11:15'),
  (1362,2,'H->M','<STX>1H|^&|||elsi-host^1|||||cobas-e411|TSDWN^BATCH|P|1<CR>\rP|1<CR>\rO|1|600|^0^3^^S1^SC|^^^6^1^^^17^1|R||||||A||||1||||||||||O<CR>\rL|1|N<CR>\r<ETX>2C<CR>\r<LF>','2015-02-24 10:11:15'),
  (1363,2,'H<-M','<ACK>','2015-02-24 10:11:15'),
  (1364,2,'H->M','EOT','2015-02-24 10:11:15'),
  (1365,2,'H->M','ENQ','2015-02-24 10:11:50'),
  (1366,2,'H<-M','<ACK>','2015-02-24 10:11:52'),
  (1367,2,'H->M','<STX>1H|^&|||elsi-host^1|||||cobas-e411|TSDWN^BATCH|P|1<CR>\rP|1<CR>\rO|1|601|^0^4^^S1^SC|^^^6^1^^^7^1^^^17^1|R||||||A||||1||||||||||O<CR>\rL|1|N<CR>\r<ETX>6A<CR>\r<LF>','2015-02-24 10:11:53'),
  (1368,2,'H<-M','<ACK>','2015-02-24 10:11:53'),
  (1369,2,'H->M','EOT','2015-02-24 10:11:53'),
  (1370,2,'H<-M','<ENQ>','2015-02-24 10:34:46'),
  (1371,2,'H->M','ACK','2015-02-24 10:34:46'),
  (1372,2,'H<-M','<STX>1H|^&|||cobas-e411^1|||||host|RSUPL^REAL|P|1<CR>\rP|1<CR>\rO|1|4|1^0^1^^S1^SC|^^^3^1|R||20150224101251||||N||||1|||||||20150224103746|||F<CR>\rR|1|^^^3/1/not|21.45|pg/ml||N||F|||||E1<CR>\rL|1|N<CR>\r<ETX>E6<CR>\r<LF>','2015-02-24 10:34:46'),
  (1373,2,'H->M','ACK','2015-02-24 10:34:47'),
  (1374,2,'H->M','EOT','2015-02-24 10:34:47'),
  (1375,2,'H<-M','<ENQ>','2015-02-24 10:35:28'),
  (1376,2,'H->M','ACK','2015-02-24 10:35:28'),
  (1377,2,'H<-M','<STX>1H|^&|||cobas-e411^1|||||host|RSUPL^REAL|P|1<CR>\rP|1<CR>\rO|1|6|2^0^2^^S1^SC|^^^19^1|R||20150224101354||||N||||1|||||||20150224103828|||F<CR>\rR|1|^^^19/1/not|0.313|ng/ml||L||F|||||E1<CR>\rC|1|I|41|I<CR>\rL|1|N<CR>\r<ETX>BC<CR>\r<LF>','2015-02-24 10:35:28'),
  (1378,2,'H->M','ACK','2015-02-24 10:35:28'),
  (1379,2,'H->M','EOT','2015-02-24 10:35:28'),
  (1380,2,'H<-M','<ENQ>','2015-02-24 10:36:48'),
  (1381,2,'H->M','ACK','2015-02-24 10:36:48'),
  (1382,2,'H<-M','<STX>1H|^&|||cobas-e411^1|||||host|RSUPL^REAL|P|1<CR>\rP|1<CR>\rO|1|600|3^0^3^^S1^SC|^^^6^1^^^17^1|R||20150224101416||||N||||1|||||||20150224103952|||F<CR>\rR|1|^^^6/1/not|<0.100|mIU/ml||LL||F|||||E1<CR>\rC|1|I|27|I<CR>\rR|2|^^^17/1/not|15.51|nmol/l||N||F|||||E1<CR>\rL|1|N<CR>\r<ETX>70<CR>\r<LF>','2015-02-24 10:36:48'),
  (1383,2,'H->M','ACK','2015-02-24 10:36:48'),
  (1384,2,'H->M','EOT','2015-02-24 10:36:48'),
  (1385,2,'H<-M','<ENQ>','2015-02-24 10:38:48'),
  (1386,2,'H->M','ACK','2015-02-24 10:38:49'),
  (1387,2,'H<-M','<STX>1H|^&|||cobas-e411^1|||||host|RSUPL^REAL|P|1<CR>\rP|1<CR>\rO|1|601|4^0^4^^S1^SC|^^^6^1^^^7^1^^^17^1|R||20150224101454||||N||||1|||||||20150224104158|||F<CR>\rR|1|^^^6/1/not|8.75|mIU/ml||N||F|||||E1<CR>\rR|2|^^^7/1/not|8.25|mIU/ml||N||F|||||E1<CR>\rR|3|^^^17/1/not<ETB>28<CR>\r<LF>','2015-02-24 10:38:49'),
  (1388,2,'H->M','ACK','2015-02-24 10:38:49'),
  (1389,2,'H<-M','<STX>2|26.41|nmol/l||N||F|||||E1<CR>\rL|1|N<CR>\r<ETX>BC<CR>\r<LF>','2015-02-24 10:38:49'),
  (1390,2,'H->M','ACK','2015-02-24 10:38:49'),
  (1391,2,'H->M','EOT','2015-02-24 10:38:49'),
  (1392,1,'-->>>','message','2015-03-01 20:58:13'),
  (1393,2,'!!-->>>','MMM message','2015-03-01 20:58:59'),
  (1394,2,'exception','Connection refused: connect','2015-03-02 21:39:43'),
  (1395,2,'exception','Not supported yet.','2015-03-02 21:49:24'),
  (1396,2,'exception','Not supported yet.','2015-03-02 21:56:28'),
  (1397,2,'H->M','ENQ','2015-03-02 21:58:28'),
  (1398,2,'H->M','ENQ','2015-03-02 21:58:30'),
  (1399,2,'H->M','ENQ','2015-03-02 21:58:32'),
  (1400,2,'H->M','ENQ','2015-03-02 21:58:34'),
  (1401,2,'H<-M','<ACK>','2015-03-02 21:58:36'),
  (1402,2,'H->M','<STX>1H|\\^&|||elsi-host^1|||||cobas-e411|TSDWN^BATCH|P|1<CR>\rP|1<CR>\rO|1|qwqwqw|^0^1^^S1^SC|^^^21^1\\^^^9^1|R||||||A||||1||||||||||O<CR>\rL|1|N<CR>\r<ETX>4A<CR>\r<LF>','2015-03-02 21:58:36'),
  (1403,2,'H<-M','<ACK>','2015-03-02 21:58:39'),
  (1404,2,'H->M','EOT','2015-03-02 21:58:39'),
  (1405,2,'H->M','ENQ','2015-03-02 21:58:47'),
  (1406,2,'H->M','ENQ','2015-03-02 21:58:49'),
  (1407,2,'H->M','ENQ','2015-03-02 21:58:51'),
  (1408,2,'H<-M','<ACK>','2015-03-02 21:58:53'),
  (1409,2,'H->M','<STX>1H|\\^&|||elsi-host^1|||||cobas-e411|TSDWN^BATCH|P|1<CR>\rP|1<CR>\rO|1|erwer|^0^1^^S1^SC|^^^21^1\\^^^7^1\\^^^9^1\\^^^14^1\\^^^17^1\\^^^18^1\\^^^27^1\\^^^24^1\\^^^23^1\\^^^5^1|R||||||A||||1||||||||||O<CR>\rL|1|N<CR>\r<ETX>B5<CR>\r<LF>','2015-03-02 21:58:53'),
  (1410,2,'H<-M','<ACK>','2015-03-02 21:58:56'),
  (1411,2,'H->M','EOT','2015-03-02 21:58:56'),
  (1412,2,'H<-M','<ENQ>','2015-03-02 22:00:19'),
  (1413,2,'H->M','ACK','2015-03-02 22:00:19'),
  (1414,2,'H<-M','<EOT>','2015-03-02 22:00:26'),
  (1415,2,'H<-M','<ENQ>','2015-03-02 22:00:43'),
  (1416,2,'H->M','ACK','2015-03-02 22:00:43'),
  (1417,2,'H<-M','<STX>1H|\\^&|||cobas-e411^1|||||host|TSREQ^REAL|P|1<CR>\rQ|1|^^000004^40^0^5^^S1^SC||ALL||||||||O<CR>\rL|1|N<CR>\r<ETX>96<CR>\r<LF>','2015-03-02 22:00:46'),
  (1418,2,'H->M','ACK','2015-03-02 22:00:46'),
  (1419,2,'H->M','EOT','2015-03-02 22:01:01'),
  (1420,2,'exception','Not supported yet.','2015-03-02 22:01:01'),
  (1421,2,'H<-M','<ENQ>','2015-03-02 22:33:02'),
  (1422,2,'H->M','ACK','2015-03-02 22:33:12'),
  (1423,2,'H<-M','<STX>1H|\\^&|||cobas-e411^1|||||host|TSREQ^REAL|P|1<CR>\rQ|1|^^000004^40^0^5^^S1^SC||ALL||||||||O<CR>\rL|1|N<CR>\r<ETX>96<CR>\r<LF>','2015-03-02 22:33:25'),
  (1424,2,'H->M','ACK','2015-03-02 22:33:25'),
  (1425,2,'H->M','EOT','2015-03-02 22:33:33'),
  (1426,2,'H->M','ENQ','2015-03-02 22:34:57'),
  (1427,2,'H->M','ENQ','2015-03-02 22:34:59'),
  (1428,2,'H->M','ENQ','2015-03-02 22:35:01'),
  (1429,2,'H->M','ENQ','2015-03-02 22:35:03'),
  (1430,2,'H<-M','<ACK>','2015-03-02 22:35:05'),
  (1431,2,'H->M','<STX>1H|\\^&|||elsi-host^1|||||cobas-e411|TSDWN^REPLY|P|1<CR>\rP|1<CR>\rO|1|000004|^0^5^^S1^SC|^^^21^1\\^^^9^1\\^^^23^1|R||||||A||||1||||||||||O<CR>\rL|1|N<CR>\r<ETX>4E<CR>\r<LF>','2015-03-02 22:35:06'),
  (1432,2,'H<-M','<ACK>','2015-03-02 22:35:09'),
  (1433,2,'H->M','EOT','2015-03-02 22:35:09'),
  (1434,2,'H<-M','<ENQ>','2015-03-02 22:39:38'),
  (1435,2,'H->M','ACK','2015-03-02 22:39:38'),
  (1436,2,'H<-M','<STX>1H|\\^&|||cobas-e411^1|||||host|TSREQ^REAL|P|1<CR>\rQ|1|^^000004^40^0^5^^S1^SC||ALL||||||||O<CR>\rL|1|N<CR>\r<ETX>96<CR>\r<LF>','2015-03-02 22:39:41'),
  (1437,2,'H->M','ACK','2015-03-02 22:39:41'),
  (1438,2,'H->M','EOT','2015-03-02 22:39:48'),
  (1439,2,'H->M','ENQ','2015-03-02 22:39:48'),
  (1440,2,'H->M','ENQ','2015-03-02 22:39:50'),
  (1441,2,'H->M','ENQ','2015-03-02 22:39:52'),
  (1442,2,'H->M','ENQ','2015-03-02 22:39:54'),
  (1443,2,'H->M','ENQ','2015-03-02 22:39:56'),
  (1444,2,'H<-M','<ACK>','2015-03-02 22:39:58'),
  (1445,2,'H->M','<STX>1H|\\^&|||elsi-host^1|||||cobas-e411|TSDWN^REPLY|P|1<CR>\rP|1<CR>\rO|1|000004|^0^5^^S1^SC|^^^21^1\\^^^9^1\\^^^23^1|R||||||A||||1||||||||||O<CR>\rL|1|N<CR>\r<ETX>4E<CR>\r<LF>','2015-03-02 22:39:58'),
  (1446,2,'H<-M','<ACK>','2015-03-02 22:40:06'),
  (1447,2,'H->M','EOT','2015-03-02 22:40:06'),
  (1448,2,'exception','Connection refused: connect','2015-03-02 23:35:35'),
  (1449,2,'exception','Connection refused: connect','2015-03-02 23:35:57'),
  (1450,2,'exception','Connection refused: connect','2015-03-02 23:38:33'),
  (1451,2,'exception','Connection refused: connect','2015-03-02 23:43:56'),
  (1452,2,'exception','Connection refused: connect','2015-03-02 23:44:17'),
  (1453,2,'exception','Connection refused: connect','2015-03-02 23:45:16'),
  (1454,2,'exception','Connection refused: connect','2015-03-02 23:45:37'),
  (1455,2,'H<-M','<ENQ>','2015-03-02 23:46:27'),
  (1456,2,'H->M','ACK','2015-03-02 23:46:27'),
  (1457,2,'H<-M','<EOT>','2015-03-02 23:46:30'),
  (1458,2,'exception','Connection refused: connect','2015-03-02 23:48:23'),
  (1459,2,'H<-M','<ENQ>','2015-03-02 23:48:53'),
  (1460,2,'H->M','ACK','2015-03-02 23:48:53'),
  (1461,2,'H<-M','<EOT>','2015-03-02 23:48:57'),
  (1462,2,'H<-M','<ACK>','2015-03-02 23:49:08'),
  (1463,2,'exception','Connection refused: connect','2015-03-02 23:49:42'),
  (1464,2,'exception','Connection refused: connect','2015-03-02 23:50:03'),
  (1465,2,'exception','Connection refused: connect','2015-03-02 23:58:30'),
  (1466,2,'exception','Connection refused: connect','2015-03-02 23:58:51'),
  (1467,2,'exception','Connection refused: connect','2015-03-02 23:59:12'),
  (1468,2,'exception','Connection refused: connect','2015-03-02 23:59:33'),
  (1469,2,'exception','Connection refused: connect','2015-03-03 00:00:22'),
  (1470,2,'exception','Connection refused: connect','2015-03-03 00:05:19'),
  (1471,2,'exception','Connection refused: connect','2015-03-03 00:05:40'),
  (1472,2,'exception','Connection refused: connect','2015-03-03 00:05:48'),
  (1473,2,'exception','Connection refused: connect','2015-03-03 00:06:01'),
  (1474,2,'exception','Connection refused: connect','2015-03-03 00:06:09'),
  (1475,2,'exception','Connection refused: connect','2015-03-03 00:13:46'),
  (1476,2,'H<-M','<ENQ>','2015-03-03 00:14:26'),
  (1477,2,'H->M','ACK','2015-03-03 00:14:26'),
  (1478,2,'H<-M','<STX>1H|\\^&|||cobas-e411^1|||||host|TSREQ^REAL|P|1<CR>\rQ|1|^^000004^40^0^5^^S1^SC||ALL||||||||O<CR>\rL|1|N<CR>\r<ETX>96<CR>\r<LF>','2015-03-03 00:14:30'),
  (1479,2,'H->M','ACK','2015-03-03 00:14:30'),
  (1480,2,'H->M','EOT','2015-03-03 00:14:38'),
  (1481,2,'exception','there no Workorder with sid: 000004, and instrumentId: 2','2015-03-03 00:14:39'),
  (1482,2,'exception','Connection refused: connect','2015-03-03 00:15:00'),
  (1483,2,'exception','Connection refused: connect','2015-03-03 00:15:21'),
  (1484,2,'exception','Connection refused: connect','2015-03-03 00:20:39'),
  (1485,2,'exception','Connection refused: connect','2015-03-03 00:21:00'),
  (1486,2,'exception','Connection refused: connect','2015-03-03 00:21:28'),
  (1487,2,'exception','Connection refused: connect','2015-03-03 00:21:49'),
  (1488,2,'H<-M','<ENQ>','2015-03-04 06:05:20'),
  (1489,2,'H->M','ACK','2015-03-04 06:05:21'),
  (1490,2,'H<-M','<STX>1H|\\^&|||cobas-e411^1|||||host|RSUPL^REAL|P|1<CR>\rO|1|100|1^0^1^^S1^SC|^^^4^1\\^^^12^1|R||20150212101744||||N||||1|||||||20150212104839|||F<CR>\rR|1|^^^4/1/not|0.484|nmol/l||N||F|||||E1<CR>\rR|2|^^^12/1/not|-1^0.101|COI||N||F|||||E1<CR>\rL|1|N<CR>\r<ETX>E9<CR>\r<LF>','2015-03-04 06:05:23'),
  (1491,2,'H->M','ACK','2015-03-04 06:05:23'),
  (1492,2,'H->M','EOT','2015-03-04 06:05:33'),
  (1493,2,'exception','java.lang.UnsupportedOperationException: Not supported yet.','2015-03-04 06:05:33'),
  (1494,2,'exception','Connection refused: connect','2015-03-04 06:05:54'),
  (1495,2,'exception','Connection refused: connect','2015-03-04 06:06:15'),
  (1496,2,'H<-M','<ENQ>','2015-03-04 06:09:08'),
  (1497,2,'H->M','ACK','2015-03-04 06:09:08'),
  (1498,2,'H<-M','<STX>1H|\\^&|||cobas-e411^1|||||host|RSUPL^REAL|P|1<CR>\rO|1|100|1^0^1^^S1^SC|^^^4^1\\^^^12^1|R||20150212101744||||N||||1|||||||20150212104839|||F<CR>\rR|1|^^^4/1/not|0.484|nmol/l||N||F|||||E1<CR>\rR|2|^^^12/1/not|-1^0.101|COI||N||F|||||E1<CR>\rL|1|N<CR>\r<ETX>E9<CR>\r<LF>','2015-03-04 06:09:11'),
  (1499,2,'H->M','ACK','2015-03-04 06:09:11'),
  (1500,2,'H->M','EOT','2015-03-04 06:09:24');
COMMIT;

#
# Data for the `logs` table  (LIMIT 1500,500)
#

INSERT INTO `logs` (`id`, `instrument_id`, `direction`, `message`, `insert_datetime`) VALUES 
  (1501,2,'exception','java.lang.UnsupportedOperationException: Not supported yet.','2015-03-04 06:09:24'),
  (1502,2,'exception','Connection refused: connect','2015-03-04 06:09:45'),
  (1503,2,'exception','Connection refused: connect','2015-03-04 06:10:06'),
  (1504,2,'exception','Connection refused: connect','2015-03-04 06:10:27'),
  (1505,2,'exception','Connection refused: connect','2015-03-04 06:10:48'),
  (1506,2,'exception','Connection refused: connect','2015-03-04 06:11:09'),
  (1507,2,'exception','Connection refused: connect','2015-03-04 06:11:30'),
  (1508,2,'H<-M','<ENQ>','2015-03-04 06:21:23'),
  (1509,2,'H->M','ACK','2015-03-04 06:21:23'),
  (1510,2,'H<-M','<STX>1H|\\^&|||cobas-e411^1|||||host|RSUPL^REAL|P|1<CR>\rO|1|100|1^0^1^^S1^SC|^^^4^1\\^^^12^1|R||20150212101744||||N||||1|||||||20150212104839|||F<CR>\rR|1|^^^4/1/not|0.484|nmol/l||N||F|||||E1<CR>\rR|2|^^^12/1/not|-1^0.101|COI||N||F|||||E1<CR>\rL|1|N<CR>\r<ETX>E9<CR>\r<LF>','2015-03-04 06:21:29'),
  (1511,2,'H->M','ACK','2015-03-04 06:21:29'),
  (1512,2,'H->M','EOT','2015-03-04 06:21:33'),
  (1513,2,'H<-M','<ENQ>','2015-03-04 06:22:44'),
  (1514,2,'H->M','ACK','2015-03-04 06:22:44'),
  (1515,2,'H<-M','<STX>1H|\\^&|||cobas-e411^1|||||host|RSUPL^REAL|P|1<CR>\rO|1|100|1^0^1^^S1^SC|^^^4^1\\^^^12^1|R||20150212101744||||N||||1|||||||20150212104839|||F<CR>\rR|1|^^^4/1/not|0.484|nmol/l||N||F|||||E1<CR>\rR|2|^^^12/1/not|-1^0.101|COI||N||F|||||E1<CR>\rL|1|N<CR>\r<ETX>E9<CR>\r<LF>','2015-03-04 06:22:47'),
  (1516,2,'H->M','ACK','2015-03-04 06:22:47'),
  (1517,2,'H->M','EOT','2015-03-04 06:22:50'),
  (1518,2,'H<-M','<ENQ>','2015-03-04 06:24:30'),
  (1519,2,'H->M','ACK','2015-03-04 06:24:30'),
  (1520,2,'H<-M','<STX>1H|\\^&|||cobas-e411^1|||||host|RSUPL^REAL|P|1<CR>\rO|1|100|1^0^1^^S1^SC|^^^4^1\\^^^12^1|R||20150212101744||||N||||1|||||||20150212104839|||F<CR>\rR|1|^^^4/1/not|0.484|nmol/l||N||F|||||E1<CR>\rR|2|^^^12/1/not|-1^0.101|COI||N||F|||||E1<CR>\rL|1|N<CR>\r<ETX>E9<CR>\r<LF>','2015-03-04 06:24:32'),
  (1521,2,'H->M','ACK','2015-03-04 06:24:32'),
  (1522,2,'H->M','EOT','2015-03-04 06:24:33'),
  (1523,2,'exception','Connection refused: connect','2015-03-05 21:15:17'),
  (1524,2,'exception','Connection refused: connect','2015-03-05 21:15:38'),
  (1525,2,'exception','Connection refused: connect','2015-03-05 21:15:59'),
  (1526,2,'exception','Connection refused: connect','2015-03-05 21:16:20'),
  (1527,2,'exception','Connection refused: connect','2015-03-05 21:16:41'),
  (1528,2,'exception','Connection refused: connect','2015-03-05 21:23:07'),
  (1529,2,'exception','Connection refused: connect','2015-03-05 21:23:28'),
  (1530,2,'exception','Connection refused: connect','2015-03-05 21:23:49'),
  (1531,2,'exception','Connection refused: connect','2015-03-05 21:24:10'),
  (1532,2,'exception','Connection refused: connect','2015-03-05 21:24:31'),
  (1533,2,'exception','Connection refused: connect','2015-03-05 21:24:52'),
  (1534,2,'exception','Connection refused: connect','2015-03-05 21:25:13'),
  (1535,2,'exception','Connection refused: connect','2015-03-05 21:25:34'),
  (1536,2,'exception','Connection refused: connect','2015-03-05 21:25:55'),
  (1537,2,'exception','Connection refused: connect','2015-03-05 21:26:16'),
  (1538,2,'exception','Connection refused: connect','2015-03-05 21:26:37'),
  (1539,2,'exception','Connection refused: connect','2015-03-05 21:26:59'),
  (1540,2,'exception','Connection refused: connect','2015-03-05 21:27:20'),
  (1541,2,'exception','Connection refused: connect','2015-03-05 21:27:41'),
  (1542,2,'exception','Connection refused: connect','2015-03-05 21:28:02'),
  (1543,2,'exception','Connection refused: connect','2015-03-05 21:28:23'),
  (1544,2,'exception','Connection refused: connect','2015-03-05 21:28:44'),
  (1545,2,'exception','Connection refused: connect','2015-03-05 21:29:05'),
  (1546,2,'exception','Connection refused: connect','2015-03-05 21:29:26'),
  (1547,2,'exception','Connection refused: connect','2015-03-05 21:29:47'),
  (1548,2,'exception','Connection refused: connect','2015-03-05 21:30:08'),
  (1549,2,'exception','Connection refused: connect','2015-03-05 21:30:29'),
  (1550,2,'exception','Connection refused: connect','2015-03-05 21:30:50'),
  (1551,2,'exception','Connection refused: connect','2015-03-05 21:31:11'),
  (1552,2,'exception','Connection refused: connect','2015-03-05 21:31:32'),
  (1553,2,'exception','Connection refused: connect','2015-03-05 21:31:53'),
  (1554,2,'exception','Connection refused: connect','2015-03-05 21:32:14'),
  (1555,2,'exception','Connection refused: connect','2015-03-05 21:32:35'),
  (1556,2,'exception','Connection refused: connect','2015-03-05 21:32:56'),
  (1557,2,'exception','Connection refused: connect','2015-03-05 21:33:17'),
  (1558,2,'exception','Connection refused: connect','2015-03-05 21:33:39'),
  (1559,2,'exception','Connection refused: connect, next attempt in 60 seconds','2015-03-05 21:41:46'),
  (1560,2,'exception','Connection refused: connect, next attempt in 60 seconds','2015-03-05 21:42:47'),
  (1561,2,'exception','Connection refused: connect, next attempt in 60 seconds','2015-03-05 21:43:48'),
  (1562,2,'H<-M','<STX>','2015-03-05 21:58:44'),
  (1563,2,'H<-M','<ENQ>','2015-03-05 22:05:38'),
  (1564,2,'H->M','ACK','2015-03-05 22:05:38'),
  (1565,2,'H<-M','<STX>1H|\\^&|||cobas-e411^1|||||host|TSREQ^REAL|P|1<CR>\rQ|1|^^000004^40^0^5^^S1^SC||ALL||||||||O<CR>\rL|1|N<CR>\r<ETX>96<CR>\r<LF>','2015-03-05 22:05:41'),
  (1566,2,'H->M','ACK','2015-03-05 22:05:41'),
  (1567,2,'H->M','EOT','2015-03-05 22:05:48'),
  (1568,2,'H->M','ENQ','2015-03-06 09:04:03'),
  (1569,2,'H->M','ENQ','2015-03-06 09:04:05'),
  (1570,2,'H->M','ENQ','2015-03-06 09:04:07'),
  (1571,2,'H->M','ENQ','2015-03-06 09:04:09'),
  (1572,2,'H->M','ENQ','2015-03-06 09:04:11'),
  (1573,2,'H->M','ENQ','2015-03-06 09:04:13'),
  (1574,2,'H->M','ENQ','2015-03-06 09:04:15'),
  (1575,2,'H->M','ENQ','2015-03-06 09:04:17'),
  (1576,2,'H->M','ENQ','2015-03-06 09:04:19'),
  (1577,2,'H->M','ENQ','2015-03-06 09:04:21'),
  (1578,2,'H->M','ENQ','2015-03-06 09:04:23'),
  (1579,2,'H->M','ENQ','2015-03-06 09:04:25'),
  (1580,2,'H->M','ENQ','2015-03-06 09:04:37'),
  (1581,2,'H->M','ENQ','2015-03-06 09:04:39'),
  (1582,2,'H->M','ENQ','2015-03-06 09:04:41'),
  (1583,2,'H->M','ENQ','2015-03-06 09:04:43'),
  (1584,2,'H->M','ENQ','2015-03-06 09:04:45'),
  (1585,2,'H->M','ENQ','2015-03-06 09:04:47'),
  (1586,2,'H->M','ENQ','2015-03-06 09:04:50'),
  (1587,2,'H->M','ENQ','2015-03-06 09:04:52'),
  (1588,2,'H->M','ENQ','2015-03-06 09:04:54'),
  (1589,2,'H->M','ENQ','2015-03-06 09:04:56'),
  (1590,2,'H->M','ENQ','2015-03-06 09:04:58'),
  (1591,2,'H->M','ENQ','2015-03-06 09:05:00'),
  (1592,2,'H->M','ENQ','2015-03-06 09:05:12'),
  (1593,2,'H->M','ENQ','2015-03-06 09:05:14'),
  (1594,2,'H->M','ENQ','2015-03-06 09:05:16'),
  (1595,2,'H->M','ENQ','2015-03-06 09:05:18'),
  (1596,2,'H->M','ENQ','2015-03-06 09:05:20'),
  (1597,2,'H->M','ENQ','2015-03-06 09:05:22'),
  (1598,2,'H->M','ENQ','2015-03-06 09:05:24'),
  (1599,2,'H->M','ENQ','2015-03-06 09:05:26'),
  (1600,2,'H->M','ENQ','2015-03-06 09:05:28'),
  (1601,2,'H->M','ENQ','2015-03-06 09:05:30'),
  (1602,2,'H->M','ENQ','2015-03-06 09:05:32'),
  (1603,2,'H->M','ENQ','2015-03-06 09:05:34'),
  (1604,2,'H->M','ENQ','2015-03-06 09:05:46'),
  (1605,2,'H->M','ENQ','2015-03-06 09:05:48'),
  (1606,2,'H->M','ENQ','2015-03-06 09:05:50'),
  (1607,2,'H->M','ENQ','2015-03-06 09:05:52'),
  (1608,2,'H->M','ENQ','2015-03-06 09:05:54'),
  (1609,2,'H->M','ENQ','2015-03-06 09:05:56'),
  (1610,2,'H->M','ENQ','2015-03-06 09:05:58'),
  (1611,2,'H->M','ENQ','2015-03-06 09:06:00'),
  (1612,2,'H->M','ENQ','2015-03-06 09:06:02'),
  (1613,2,'H->M','ENQ','2015-03-06 09:06:04'),
  (1614,2,'H->M','ENQ','2015-03-06 09:06:06'),
  (1615,2,'H->M','ENQ','2015-03-06 09:06:08'),
  (1616,2,'H->M','ENQ','2015-03-06 09:06:20'),
  (1617,2,'H->M','ENQ','2015-03-06 09:06:23'),
  (1618,2,'H->M','ENQ','2015-03-06 09:06:25'),
  (1619,2,'H->M','ENQ','2015-03-06 09:06:27'),
  (1620,2,'H->M','ENQ','2015-03-06 09:06:29'),
  (1621,2,'H->M','ENQ','2015-03-06 09:06:31'),
  (1622,2,'H->M','ENQ','2015-03-06 09:06:33'),
  (1623,2,'H->M','ENQ','2015-03-06 09:06:35'),
  (1624,2,'H->M','ENQ','2015-03-06 09:06:37'),
  (1625,2,'H->M','ENQ','2015-03-06 09:06:39'),
  (1626,2,'H->M','ENQ','2015-03-06 09:06:41'),
  (1627,2,'H->M','ENQ','2015-03-06 09:06:43'),
  (1628,2,'H->M','ENQ','2015-03-06 09:06:55'),
  (1629,2,'H->M','ENQ','2015-03-06 09:06:57'),
  (1630,2,'H->M','ENQ','2015-03-06 09:06:59'),
  (1631,2,'H->M','ENQ','2015-03-06 09:07:01'),
  (1632,2,'H->M','ENQ','2015-03-06 09:07:03'),
  (1633,2,'H->M','ENQ','2015-03-06 09:07:05'),
  (1634,2,'H->M','ENQ','2015-03-06 09:07:07'),
  (1635,2,'H->M','ENQ','2015-03-06 09:07:09'),
  (1636,2,'H->M','ENQ','2015-03-06 09:07:11'),
  (1637,2,'H->M','ENQ','2015-03-06 09:07:13'),
  (1638,2,'H->M','ENQ','2015-03-06 09:07:56'),
  (1639,2,'H->M','ENQ','2015-03-06 09:07:58'),
  (1640,2,'H->M','ENQ','2015-03-06 09:08:00'),
  (1641,2,'H->M','ENQ','2015-03-06 09:08:02'),
  (1642,2,'H->M','ENQ','2015-03-06 09:08:04'),
  (1643,2,'H->M','ENQ','2015-03-06 09:08:06'),
  (1644,2,'H->M','ENQ','2015-03-06 09:08:08'),
  (1645,2,'H->M','ENQ','2015-03-06 09:08:10'),
  (1646,2,'H->M','ENQ','2015-03-06 09:08:12'),
  (1647,2,'H->M','ENQ','2015-03-06 09:08:14'),
  (1648,2,'H->M','ENQ','2015-03-06 09:08:16'),
  (1649,2,'H->M','ENQ','2015-03-06 09:08:18'),
  (1650,2,'H->M','ENQ','2015-03-06 09:08:30'),
  (1651,2,'H->M','ENQ','2015-03-06 09:08:32'),
  (1652,2,'H->M','ENQ','2015-03-06 09:08:34'),
  (1653,2,'H->M','ENQ','2015-03-06 09:08:36'),
  (1654,2,'H->M','ENQ','2015-03-06 09:08:38'),
  (1655,2,'H->M','ENQ','2015-03-06 09:08:40'),
  (1656,2,'H->M','ENQ','2015-03-06 09:08:42'),
  (1657,2,'H->M','ENQ','2015-03-06 09:08:44'),
  (1658,2,'H->M','ENQ','2015-03-06 09:08:46'),
  (1659,2,'H->M','ENQ','2015-03-06 09:08:50'),
  (1660,2,'H->M','ENQ','2015-03-06 09:08:52'),
  (1661,2,'H->M','ENQ','2015-03-06 09:08:54'),
  (1662,2,'H->M','ENQ','2015-03-06 09:08:56'),
  (1663,2,'H->M','ENQ','2015-03-06 09:08:58'),
  (1664,2,'H->M','ENQ','2015-03-06 09:09:00'),
  (1665,2,'H->M','ENQ','2015-03-06 09:09:02'),
  (1666,2,'H->M','ENQ','2015-03-06 09:09:04'),
  (1667,2,'H->M','ENQ','2015-03-06 09:09:06'),
  (1668,2,'H->M','ENQ','2015-03-06 09:09:08'),
  (1669,2,'H->M','ENQ','2015-03-06 09:09:55'),
  (1670,2,'H->M','ENQ','2015-03-06 09:09:57'),
  (1671,2,'H->M','ENQ','2015-03-06 09:09:59'),
  (1672,2,'H->M','ENQ','2015-03-06 09:10:01'),
  (1673,2,'H->M','ENQ','2015-03-06 09:10:03'),
  (1674,2,'H->M','ENQ','2015-03-06 09:10:05'),
  (1675,2,'H->M','ENQ','2015-03-06 09:10:07'),
  (1676,2,'H->M','ENQ','2015-03-06 09:10:09'),
  (1677,2,'H->M','ENQ','2015-03-06 09:10:11'),
  (1678,2,'H->M','ENQ','2015-03-06 09:10:13'),
  (1679,2,'H->M','ENQ','2015-03-06 09:10:15'),
  (1680,2,'H->M','ENQ','2015-03-06 09:10:17'),
  (1681,2,'H->M','ENQ','2015-03-06 09:10:29'),
  (1682,2,'H->M','ENQ','2015-03-06 09:10:31'),
  (1683,2,'H->M','ENQ','2015-03-06 09:10:33'),
  (1684,2,'H->M','ENQ','2015-03-06 09:10:35'),
  (1685,2,'H->M','ENQ','2015-03-06 09:10:37'),
  (1686,2,'H->M','ENQ','2015-03-06 09:10:39'),
  (1687,2,'H->M','ENQ','2015-03-06 09:10:41'),
  (1688,2,'H->M','ENQ','2015-03-06 09:10:43'),
  (1689,2,'H->M','ENQ','2015-03-06 09:11:28'),
  (1690,2,'H->M','ENQ','2015-03-06 09:11:30'),
  (1691,2,'H->M','ENQ','2015-03-06 09:11:32'),
  (1692,2,'H->M','ENQ','2015-03-06 09:11:34'),
  (1693,2,'H->M','ENQ','2015-03-06 09:11:36'),
  (1694,2,'H->M','ENQ','2015-03-06 09:11:38'),
  (1695,2,'H->M','ENQ','2015-03-06 09:11:40'),
  (1696,2,'H->M','ENQ','2015-03-06 09:11:42'),
  (1697,2,'H->M','ENQ','2015-03-06 09:11:44'),
  (1698,2,'H->M','ENQ','2015-03-06 09:11:46'),
  (1699,2,'H->M','ENQ','2015-03-06 09:11:48'),
  (1700,2,'H->M','ENQ','2015-03-06 09:11:50'),
  (1701,2,'H->M','ENQ','2015-03-06 09:12:02'),
  (1702,2,'H->M','ENQ','2015-03-06 09:12:04'),
  (1703,2,'H->M','ENQ','2015-03-06 09:12:06'),
  (1704,2,'H->M','ENQ','2015-03-06 09:12:08'),
  (1705,2,'H->M','ENQ','2015-03-06 09:12:10'),
  (1706,2,'H->M','ENQ','2015-03-06 09:12:12'),
  (1707,2,'H->M','ENQ','2015-03-06 09:12:14'),
  (1708,2,'H->M','ENQ','2015-03-06 09:12:16'),
  (1709,2,'H->M','ENQ','2015-03-06 09:12:18'),
  (1710,2,'H->M','ENQ','2015-03-06 09:12:20'),
  (1711,2,'H->M','ENQ','2015-03-06 09:14:22'),
  (1712,2,'H->M','ENQ','2015-03-06 09:14:24'),
  (1713,2,'H->M','ENQ','2015-03-06 09:14:26'),
  (1714,2,'H->M','ENQ','2015-03-06 09:14:28'),
  (1715,2,'H->M','ENQ','2015-03-06 09:14:30'),
  (1716,2,'H->M','ENQ','2015-03-06 09:15:53'),
  (1717,2,'H->M','ENQ','2015-03-06 09:15:55'),
  (1718,2,'H->M','ENQ','2015-03-06 09:15:57'),
  (1719,2,'H->M','ENQ','2015-03-06 09:15:59'),
  (1720,2,'H->M','ENQ','2015-03-06 09:16:01'),
  (1721,2,'H->M','ENQ','2015-03-06 09:16:03'),
  (1722,2,'H->M','ENQ','2015-03-06 09:16:05'),
  (1723,2,'H->M','ENQ','2015-03-06 09:16:07'),
  (1724,2,'H->M','ENQ','2015-03-06 09:16:09'),
  (1725,2,'H->M','ENQ','2015-03-06 09:16:11'),
  (1726,2,'H->M','ENQ','2015-03-06 09:16:13'),
  (1727,2,'H->M','ENQ','2015-03-06 09:16:15'),
  (1728,2,'H->M','ENQ','2015-03-06 09:24:46'),
  (1729,2,'H->M','ENQ','2015-03-06 09:24:48'),
  (1730,2,'H->M','ENQ','2015-03-06 09:24:50'),
  (1731,2,'H->M','ENQ','2015-03-06 09:24:52'),
  (1732,2,'H->M','ENQ','2015-03-06 09:24:54'),
  (1733,2,'H->M','ENQ','2015-03-06 09:24:56'),
  (1734,2,'H->M','ENQ','2015-03-06 09:24:58'),
  (1735,2,'H->M','ENQ','2015-03-06 09:25:00'),
  (1736,2,'H->M','ENQ','2015-03-06 09:25:02'),
  (1737,2,'H->M','ENQ','2015-03-06 09:25:04'),
  (1738,2,'H->M','ENQ','2015-03-06 09:25:06'),
  (1739,2,'H->M','ENQ','2015-03-06 09:25:08'),
  (1740,2,'H->M','ENQ','2015-03-06 09:27:29'),
  (1741,2,'H->M','ENQ','2015-03-06 09:27:31'),
  (1742,2,'H->M','ENQ','2015-03-06 09:27:33'),
  (1743,2,'H->M','ENQ','2015-03-06 09:27:35'),
  (1744,2,'H->M','ENQ','2015-03-06 09:27:37'),
  (1745,2,'H->M','ENQ','2015-03-06 09:27:39'),
  (1746,2,'H->M','ENQ','2015-03-06 09:27:41'),
  (1747,2,'H->M','ENQ','2015-03-06 09:27:43'),
  (1748,2,'H->M','ENQ','2015-03-06 09:27:45'),
  (1749,2,'H->M','ENQ','2015-03-06 09:27:47'),
  (1750,2,'H->M','ENQ','2015-03-06 09:27:49'),
  (1751,2,'H->M','ENQ','2015-03-06 09:27:51'),
  (1752,2,'H->M','ENQ','2015-03-06 09:29:30'),
  (1753,2,'H->M','ENQ','2015-03-06 09:29:32'),
  (1754,2,'H->M','ENQ','2015-03-06 09:29:34'),
  (1755,2,'H->M','ENQ','2015-03-06 09:29:36'),
  (1756,2,'H->M','ENQ','2015-03-06 09:29:38'),
  (1757,2,'H->M','ENQ','2015-03-06 09:29:40'),
  (1758,2,'H->M','ENQ','2015-03-06 09:29:42'),
  (1759,2,'H->M','ENQ','2015-03-06 09:29:44'),
  (1760,2,'H->M','ENQ','2015-03-06 09:29:46'),
  (1761,2,'H->M','ENQ','2015-03-06 09:29:48'),
  (1762,2,'H->M','ENQ','2015-03-06 09:29:50'),
  (1763,2,'H->M','ENQ','2015-03-06 09:29:52'),
  (1764,2,'H->M','ENQ','2015-03-06 09:30:30'),
  (1765,2,'H<-M','<ACK>','2015-03-06 09:30:32'),
  (1766,2,'H->M','<STX>1H|\\^&|||elsi-host^1|||||cobas-e411|TSDWN^BATCH|P|1<CR>\rP|1<CR>\rO|1|1001|^0^5^^S1^SC|^^^2^1\\^^^10^1\\^^^11^1\\^^^20^1|R||||||A||||1||||||||||O<CR>\rL|1|N<CR>\r<ETX>1D<CR>\r<LF>','2015-03-06 09:30:32'),
  (1767,2,'H<-M','<ACK>','2015-03-06 09:30:32'),
  (1768,2,'H->M','EOT','2015-03-06 09:30:32'),
  (1769,2,'H->M','ENQ','2015-03-06 09:30:32'),
  (1770,2,'H<-M','<ACK>','2015-03-06 09:30:34'),
  (1771,2,'H->M','<STX>1H|\\^&|||elsi-host^1|||||cobas-e411|TSDWN^BATCH|P|1<CR>\rP|1<CR>\rO|1|10041_13|^0^5^^S1^SC|^^^1^1\\^^^2^1\\^^^3^1|R||||||A||||1||||||||||O<CR>\rL|1|N<CR>\r<ETX>4E<CR>\r<LF>','2015-03-06 09:30:34'),
  (1772,2,'H<-M','<ACK>','2015-03-06 09:30:34'),
  (1773,2,'H->M','EOT','2015-03-06 09:30:35'),
  (1774,2,'exception','Connection timed out: connect, next attempt in 60 seconds','2015-03-13 09:04:40'),
  (1775,2,'exception','Connection timed out: connect, next attempt in 60 seconds','2015-03-13 09:06:19');
COMMIT;

#
# Data for the `sender` table  (LIMIT 0,500)
#

INSERT INTO `sender` (`id`, `name`, `description`) VALUES 
  (1,'host_manager','Host Manager'),
  (2,'elsimed','Елси МЕД система');
COMMIT;

#
# Data for the `message` table  (LIMIT 0,500)
#

INSERT INTO `message` (`id`, `sender_id`, `income_number`, `close`, `insert_datetime`) VALUES 
  (1,1,'123123',0,'2015-03-01 18:54:58'),
  (3,1,'123477',0,'2015-03-03 11:26:16'),
  (5,1,'123477q',0,'2015-03-03 22:06:20'),
  (8,1,'123477q11',0,'2015-03-03 23:23:56'),
  (9,1,'123477q11qqq',0,'2015-03-03 23:24:28'),
  (10,2,'123',0,'2015-03-04 09:25:03'),
  (11,2,'1233',0,'2015-03-04 09:27:50'),
  (12,2,'1230',0,'2015-03-04 09:28:53'),
  (13,2,'123777',0,'2015-03-04 09:30:36');
COMMIT;

#
# Data for the `message_history` table  (LIMIT 0,500)
#

INSERT INTO `message_history` (`id`, `message_id`, `text`, `insert_datetime`) VALUES 
  (12,4,'<?xml version=\"1.0\"?>\n<message id=\"123477q\" sender=\"host_manager\">\n  <parameters>2,3,20,1,17,3,15</parameters>\n  <sid>1003</sid>\n  <rack>0</rack>\n  <position>5</position>\n  <sampleType>SC</sampleType>\n  <patientName>Ivanov Petr</patientName>\n  <patientNumber>45345345</patientNumber>\n  <dateBirth>19731201</dateBirth>\n  <sex>3</sex>\n  <dateCollection>20150207</dateCollection>\n  <laborantName>Valentina</laborantName>\n  <addParams>\n\t   <param key=''dilution'' value=''1''/>\n        <param key=''priority'' value=''R''/>\n  </addParams>\n</message>','2015-03-03 21:56:58'),
  (13,4,'<?xml version=\"1.0\"?>\n<message id=\"123477q\" sender=\"host_manager\">\n  <parameters>2,3,20,1,17,3,15</parameters>\n  <sid>1003</sid>\n  <rack>0</rack>\n  <position>5</position>\n  <sampleType>SC</sampleType>\n  <patientName>Ivanov Petr</patientName>\n  <patientNumber>45345345</patientNumber>\n  <dateBirth>19731201</dateBirth>\n  <sex>3</sex>\n  <dateCollection>20150207</dateCollection>\n  <laborantName>Valentina</laborantName>\n  <addParams>\n\t   <param key=''dilution'' value=''1''/>\n        <param key=''priority'' value=''R''/>\n  </addParams>\n</message>','2015-03-03 22:01:50'),
  (14,4,'<?xml version=\"1.0\"?>\n<message id=\"123477q\" sender=\"host_manager\">\n  <parameters>2,3,20,1,17,3,15</parameters>\n  <sid>1003</sid>\n  <rack>0</rack>\n  <position>5</position>\n  <sampleType>SC</sampleType>\n  <patientName>Ivanov Petr</patientName>\n  <patientNumber>45345345</patientNumber>\n  <dateBirth>19731201</dateBirth>\n  <sex>3</sex>\n  <dateCollection>20150207</dateCollection>\n  <laborantName>Valentina</laborantName>\n  <addParams>\n\t   <param key=''dilution'' value=''1''/>\n        <param key=''priority'' value=''R''/>\n  </addParams>\n</message>','2015-03-03 22:02:36'),
  (15,4,'<?xml version=\"1.0\"?>\n<message id=\"123477q\" sender=\"host_manager\">\n  <parameters>2,3,20,1,17,3,15</parameters>\n  <sid>1003</sid>\n  <rack>0</rack>\n  <position>5</position>\n  <sampleType>SC</sampleType>\n  <patientName>Ivanov Petr</patientName>\n  <patientNumber>45345345</patientNumber>\n  <dateBirth>19731201</dateBirth>\n  <sex>3</sex>\n  <dateCollection>20150207</dateCollection>\n  <laborantName>Valentina</laborantName>\n  <addParams>\n\t   <param key=''dilution'' value=''1''/>\n        <param key=''priority'' value=''R''/>\n  </addParams>\n</message>','2015-03-03 22:03:53'),
  (16,4,'<?xml version=\"1.0\"?>\n<message id=\"123477q\" sender=\"host_manager\">\n  <parameters>2,3,20,1,17,3,15</parameters>\n  <sid>1003</sid>\n  <rack>0</rack>\n  <position>5</position>\n  <sampleType>SC</sampleType>\n  <patientName>Ivanov Petr</patientName>\n  <patientNumber>45345345</patientNumber>\n  <dateBirth>19731201</dateBirth>\n  <sex>3</sex>\n  <dateCollection>20150207</dateCollection>\n  <laborantName>Valentina</laborantName>\n  <addParams>\n\t   <param key=''dilution'' value=''1''/>\n        <param key=''priority'' value=''R''/>\n  </addParams>\n</message>','2015-03-03 22:05:31'),
  (17,5,'<?xml version=\"1.0\"?>\n<message id=\"123477q\" sender=\"host_manager\">\n  <parameters>2,3,20,1,17,3,15</parameters>\n  <sid>1003</sid>\n  <rack>0</rack>\n  <position>5</position>\n  <sampleType>SC</sampleType>\n  <patientName>Ivanov Petr</patientName>\n  <patientNumber>45345345</patientNumber>\n  <dateBirth>19731201</dateBirth>\n  <sex>3</sex>\n  <dateCollection>20150207</dateCollection>\n  <laborantName>Valentina</laborantName>\n  <addParams>\n\t   <param key=''dilution'' value=''1''/>\n        <param key=''priority'' value=''R''/>\n  </addParams>\n</message>','2015-03-03 22:06:20'),
  (18,5,'<?xml version=\"1.0\"?>\n<message id=\"123477q\" sender=\"host_manager\">\n  <parameters>2,3,20,1,17,3,15</parameters>\n  <sid>1003</sid>\n  <rack>0</rack>\n  <position>5</position>\n  <sampleType>SC</sampleType>\n  <patientName>Ivanov Petr</patientName>\n  <patientNumber>45345345</patientNumber>\n  <dateBirth>19731201</dateBirth>\n  <sex>3</sex>\n  <dateCollection>20150207</dateCollection>\n  <laborantName>Valentina</laborantName>\n  <addParams>\n\t   <param key=''dilution'' value=''1''/>\n        <param key=''priority'' value=''R''/>\n  </addParams>\n</message>','2015-03-03 22:08:06'),
  (19,5,'<?xml version=\"1.0\"?>\n<message id=\"123477q\" sender=\"host_manager\">\n  <parameters>17,3,4,</parameters>\n  <sid>1003</sid>\n  <rack>0</rack>\n  <position>5</position>\n  <sampleType>SC</sampleType>\n  <patientName>Ivanov Petr</patientName>\n  <patientNumber>45345345</patientNumber>\n  <dateBirth>19731201</dateBirth>\n  <sex>3</sex>\n  <dateCollection>20150207</dateCollection>\n  <laborantName>Valentina</laborantName>\n  <addParams>\n\t   <param key=''dilution'' value=''1''/>\n        <param key=''priority'' value=''R''/>\n  </addParams>\n</message>','2015-03-03 22:11:38'),
  (20,5,'<?xml version=\"1.0\"?>\n<message id=\"123477q\" sender=\"host_manager\">\n  <parameters>17,3,4</parameters>\n  <sid>1003</sid>\n  <rack>0</rack>\n  <position>5</position>\n  <sampleType>SC</sampleType>\n  <patientName>Ivanov Petr</patientName>\n  <patientNumber>45345345</patientNumber>\n  <dateBirth>19731201</dateBirth>\n  <sex>3</sex>\n  <dateCollection>20150207</dateCollection>\n  <laborantName>Valentina</laborantName>\n  <addParams>\n\t   <param key=''dilution'' value=''1''/>\n        <param key=''priority'' value=''R''/>\n  </addParams>\n</message>','2015-03-03 22:16:49'),
  (23,7,'<?xml version=\"1.0\"?>\n<message id=\"123477q11\" sender=\"host_manager\">\n  <parameters>17,3,4</parameters>\n  <sid>1003_5</sid>\n  <rack>0</rack>\n  <position>5</position>\n  <sampleType>SC</sampleType>\n  <patientName>Ivanov Petr</patientName>\n  <patientNumber>45345345</patientNumber>\n  <dateBirth>19731201</dateBirth>\n  <sex>3</sex>\n  <dateCollection>20150207</dateCollection>\n  <laborantName>Valentina</laborantName>\n  <addParams>\n\t   <param key=''dilution'' value=''1''/>\n        <param key=''priority'' value=''R''/>\n  </addParams>\n</message>','2015-03-03 23:22:18'),
  (24,7,'<?xml version=\"1.0\"?>\n<message id=\"123477q11\" sender=\"host_manager\">\n  <parameters>17,3,4</parameters>\n  <sid>1003_5</sid>\n  <rack>0</rack>\n  <position>5</position>\n  <sampleType>SC</sampleType>\n  <patientName>Ivanov Petr</patientName>\n  <patientNumber>45345345</patientNumber>\n  <dateBirth>19731201</dateBirth>\n  <sex>3</sex>\n  <dateCollection>20150207</dateCollection>\n  <laborantName>Valentina</laborantName>\n  <addParams>\n\t   <param key=''dilution'' value=''1''/>\n        <param key=''priority'' value=''R''/>\n  </addParams>\n</message>','2015-03-03 23:23:08'),
  (25,8,'<?xml version=\"1.0\"?>\n<message id=\"123477q11\" sender=\"host_manager\">\n  <parameters>17,3,4</parameters>\n  <sid>1003_5</sid>\n  <rack>0</rack>\n  <position>5</position>\n  <sampleType>SC</sampleType>\n  <patientName>Ivanov Petr</patientName>\n  <patientNumber>45345345</patientNumber>\n  <dateBirth>19731201</dateBirth>\n  <sex>3</sex>\n  <dateCollection>20150207</dateCollection>\n  <laborantName>Valentina</laborantName>\n  <addParams>\n\t   <param key=''dilution'' value=''1''/>\n        <param key=''priority'' value=''R''/>\n  </addParams>\n</message>','2015-03-03 23:23:56'),
  (26,9,'<?xml version=\"1.0\"?>\n<message id=\"123477q11qqq\" sender=\"host_manager\">\n  <parameters>17,3,4</parameters>\n  <sid>1003_5</sid>\n  <rack>0</rack>\n  <position>5</position>\n  <sampleType>SC</sampleType>\n  <patientName>Ivanov Petr</patientName>\n  <patientNumber>45345345</patientNumber>\n  <dateBirth>19731201</dateBirth>\n  <sex>3</sex>\n  <dateCollection>20150207</dateCollection>\n  <laborantName>Valentina</laborantName>\n  <addParams>\n\t   <param key=''dilution'' value=''1''/>\n        <param key=''priority'' value=''R''/>\n  </addParams>\n</message>','2015-03-03 23:24:28'),
  (27,10,'<?xml version=\"1.0\"?><message id=\"123\" sender=''elsimed''>  <parameters>10,11,20,2</parameters>  <sid>100</sid>  <rack>0</rack>  <position>5</position>  <sampleType>SC</sampleType>  <patientName>User Cache</patientName>  <patientNumber>45345345</patientNumber>  <dateBirth>19731201</dateBirth>  <sex>3</sex>  <dateCollection>20150207</dateCollection>  <laborantName>Valentina</laborantName>  <addParams>\t   <param key=\"dilution\" value=\"1\"/>        <param key=\"priority\" value=\"R\"/>  </addParams></message>','2015-03-04 09:25:03'),
  (28,10,'<?xml version=\"1.0\"?><message id=\"123\" sender=''elsimed''>  <parameters>10,11,20,2</parameters>  <sid>1001</sid>  <rack>0</rack>  <position>5</position>  <sampleType>SC</sampleType>  <patientName>User Cache</patientName>  <patientNumber>45345345</patientNumber>  <dateBirth>19731201</dateBirth>  <sex>3</sex>  <dateCollection>20150207</dateCollection>  <laborantName>Valentina</laborantName>  <addParams>\t   <param key=\"dilution\" value=\"1\"/>        <param key=\"priority\" value=\"R\"/>  </addParams></message>','2015-03-04 09:25:18'),
  (29,10,'<?xml version=\"1.0\"?><message id=\"123\" sender=''elsimed''>  <parameters>10,11,20,2</parameters>  <sid>1001</sid>  <rack>0</rack>  <position>5</position>  <sampleType>SC</sampleType>  <patientName>User Cache</patientName>  <patientNumber>45345345</patientNumber>  <dateBirth>19731201</dateBirth>  <sex>3</sex>  <dateCollection>20150207</dateCollection>  <laborantName>Valentina</laborantName>  <addParams>\t   <param key=\"dilution\" value=\"1\"/>        <param key=\"priority\" value=\"R\"/>  </addParams></message>','2015-03-04 09:27:00'),
  (30,11,'<?xml version=\"1.0\"?><message id=\"1233\" sender=''elsimed''>  <parameters>10,11,20,2</parameters>  <sid>1001</sid>  <rack>0</rack>  <position>5</position>  <sampleType>SC</sampleType>  <patientName>User Cache</patientName>  <patientNumber>45345345</patientNumber>  <dateBirth>19731201</dateBirth>  <sex>3</sex>  <dateCollection>20150207</dateCollection>  <laborantName>Valentina</laborantName>  <addParams>\t   <param key=\"dilution\" value=\"1\"/>        <param key=\"priority\" value=\"R\"/>  </addParams></message>','2015-03-04 09:27:50'),
  (31,12,'<?xml version=\"1.0\"?><message id=\"1230\" sender=''elsimed''>  <parameters>10,11,20,2</parameters>  <sid>1001</sid>  <rack>0</rack>  <position>5</position>  <sampleType>SC</sampleType>  <patientName>User Cache</patientName>  <patientNumber>45345345</patientNumber>  <dateBirth>19731201</dateBirth>  <sex>3</sex>  <dateCollection>20150207</dateCollection>  <laborantName>Valentina</laborantName>  <addParams>\t   <param key=\"dilution\" value=\"1\"/>        <param key=\"priority\" value=\"R\"/>  </addParams></message>','2015-03-04 09:28:53'),
  (32,12,'<?xml version=\"1.0\"?><message id=\"1230\" sender=''elsimed''>  <parameters>10,11,20,2</parameters>  <sid>1001</sid>  <rack>0</rack>  <position>5</position>  <sampleType>SC</sampleType>  <patientName>User Cache</patientName>  <patientNumber>45345345</patientNumber>  <dateBirth>19731201</dateBirth>  <sex>3</sex>  <dateCollection>20150207</dateCollection>  <laborantName>Valentina</laborantName>  <addParams>\t   <param key=\"dilution\" value=\"1\"/>        <param key=\"priority\" value=\"R\"/>  </addParams></message>','2015-03-04 09:29:32'),
  (33,12,'<?xml version=\"1.0\"?><message id=\"1230\" sender=''elsimed''>  <parameters>10,11,20,2</parameters>  <sid>10041</sid>  <rack>0</rack>  <position>5</position>  <sampleType>SC</sampleType>  <patientName>User Cache</patientName>  <patientNumber>45345345</patientNumber>  <dateBirth>19731201</dateBirth>  <sex>3</sex>  <dateCollection>20150207</dateCollection>  <laborantName>Valentina</laborantName>  <addParams>\t   <param key=\"dilution\" value=\"1\"/>        <param key=\"priority\" value=\"R\"/>  </addParams></message>','2015-03-04 09:30:20'),
  (34,13,'<?xml version=\"1.0\"?><message id=\"123777\" sender=''elsimed''>  <parameters>10,11,20,2</parameters>  <sid>10041</sid>  <rack>0</rack>  <position>5</position>  <sampleType>SC</sampleType>  <patientName>User Cache</patientName>  <patientNumber>45345345</patientNumber>  <dateBirth>19731201</dateBirth>  <sex>3</sex>  <dateCollection>20150207</dateCollection>  <laborantName>Valentina</laborantName>  <addParams>\t   <param key=\"dilution\" value=\"1\"/>        <param key=\"priority\" value=\"R\"/>  </addParams></message>','2015-03-04 09:30:36'),
  (35,13,'<?xml version=\"1.0\"?><message id=\"123777\" sender=''elsimed''>  <parameters>1,2,3</parameters>  <sid>10041</sid>  <rack>0</rack>  <position>5</position>  <sampleType>SC</sampleType>  <patientName>User Cache</patientName>  <patientNumber>45345345</patientNumber>  <dateBirth>19731201</dateBirth>  <sex>3</sex>  <dateCollection>20150207</dateCollection>  <laborantName>Valentina</laborantName>  <addParams>\t   <param key=\"dilution\" value=\"1\"/>        <param key=\"priority\" value=\"R\"/>  </addParams></message>','2015-03-04 09:31:23'),
  (36,13,'<?xml version=\"1.0\"?><message id=\"123777\" sender=''elsimed''>  <parameters>1,2,3</parameters>  <sid>10041</sid>  <rack>0</rack>  <position>5</position>  <sampleType>SC</sampleType>  <patientName>User Cache</patientName>  <patientNumber>45345345</patientNumber>  <dateBirth>19731201</dateBirth>  <sex>3</sex>  <dateCollection>20150207</dateCollection>  <laborantName>Valentina</laborantName>  <addParams>\t   <param key=\"dilution\" value=\"1\"/>        <param key=\"priority\" value=\"R\"/>  </addParams></message>','2015-03-04 09:32:07'),
  (37,13,'<?xml version=\"1.0\"?><message id=\"123777\" sender=''elsimed''>  <parameters>1,2,3</parameters>  <sid>10041</sid>  <rack>0</rack>  <position>5</position>  <sampleType>SC</sampleType>  <patientName>User Cache</patientName>  <patientNumber>45345345</patientNumber>  <dateBirth>19731201</dateBirth>  <sex>3</sex>  <dateCollection>20150207</dateCollection>  <laborantName>Valentina</laborantName>  <addParams>\t   <param key=\"dilution\" value=\"1\"/>        <param key=\"priority\" value=\"R\"/>  </addParams></message>','2015-03-04 09:32:16'),
  (38,13,'<?xml version=\"1.0\"?><message id=\"123777\" sender=''elsimed''>  <parameters>1,2,3</parameters>  <sid>10041</sid>  <rack>0</rack>  <position>5</position>  <sampleType>SC</sampleType>  <patientName>User Cache</patientName>  <patientNumber>45345345</patientNumber>  <dateBirth>19731201</dateBirth>  <sex>3</sex>  <dateCollection>20150207</dateCollection>  <laborantName>Valentina</laborantName>  <addParams>\t   <param key=\"dilution\" value=\"1\"/>        <param key=\"priority\" value=\"R\"/>  </addParams></message>','2015-03-04 09:32:26');
COMMIT;

#
# Data for the `parameter` table  (LIMIT 0,500)
#

INSERT INTO `parameter` (`id`, `name`) VALUES 
  (1,'ТТГ'),
  (2,'С-пептид'),
  (3,'АКТГ'),
  (4,'Тестостерон'),
  (5,'Пролактин'),
  (6,'ЛГ'),
  (7,'ФСГ'),
  (8,'АФП'),
  (9,'CA15-3 2'),
  (10,'CA72-4 0'),
  (11,'св. ПСА'),
  (12,'HBEAG 0'),
  (13,'Гепатит А'),
  (14,'Иммуноглобулин Е'),
  (15,'Инсулин'),
  (16,'АнТПО'),
  (17,'ГСПГ'),
  (18,'S-100 0'),
  (19,'СТГ'),
  (20,'HBSAG-II 0'),
  (21,'HE-4 0'),
  (22,'Гепатит С'),
  (23,'св. Т4'),
  (24,'Эстрадиол'),
  (25,'Прогестерон'),
  (26,'Кортизол'),
  (27,'ХГ4'),
  (28,'Общ. ПСА'),
  (29,'CA125 1'),
  (30,'CA19-9 1'),
  (31,'Гепатит АG');
COMMIT;

#
# Data for the `workorder` table  (LIMIT 0,500)
#

INSERT INTO `workorder` (`id`, `instrument_id`, `mid`, `sid`, `rack`, `position`, `sample_type`, `patient_name`, `patient_number`, `date_birth`, `sex`, `date_collection`, `laborant_name`, `status`, `tests`, `add_params`, `insert_datetime`) VALUES 
  (111,2,1,'100','0',5,'SC','Ivanov Petr','45345345','1973-12-01',3,'2015-02-07','Valentina',0,'1,2,3,15,17,20','dilution=1,priority=R','2015-02-27 10:46:23'),
  (126,2,8,'1003_5','0',5,'SC','Ivanov Petr','45345345','1973-12-01',3,'2015-02-07','Valentina',1,'3,4,17','dilution=1,priority=R','2015-03-03 23:23:56'),
  (127,2,11,'1001','0',5,'SC','User Cache','45345345','1973-12-01',3,'2015-02-07','Valentina',1,'2,10,11,20','dilution=1,priority=R','2015-03-04 09:27:50'),
  (128,2,13,'10041_13','0',5,'SC','User Cache','45345345','1973-12-01',3,'2015-02-07','Valentina',1,'1,2,3','dilution=1,priority=R','2015-03-04 09:30:36'),
  (132,2,1,'апрапрпа','0',1,'S1',NULL,NULL,NULL,3,NULL,NULL,0,'21,2,31','dilution=1,routineSampleOrStatSample=S,containerType=SC','2015-03-11 13:48:52'),
  (134,2,1,'srsfsdfrtrere212','0',1,'S1',NULL,NULL,NULL,3,NULL,NULL,0,'21,2,9,10,17,31','dilution=1,routineSampleOrStatSample=R,containerType=SC','2015-03-11 13:49:55'),
  (135,2,1,'555dsfsdfds787','0',2,'S1',NULL,NULL,NULL,3,NULL,NULL,0,'21','dilution=1,routineSampleOrStatSample=R,containerType=SC','2015-03-11 14:01:59'),
  (136,2,1,'fdgfd67567','0',1,'S1',NULL,NULL,NULL,3,NULL,NULL,0,'21','dilution=1,routineSampleOrStatSample=R,containerType=SC','2015-03-11 14:04:44'),
  (137,2,1,'xsafdas333','0',1,'S1',NULL,NULL,NULL,3,NULL,NULL,0,'21,15,28,23,31','dilution=1,routineSampleOrStatSample=R,containerType=SC','2015-03-11 14:28:29'),
  (138,2,1,'sfdfrwtwerer','0',1,'S1',NULL,NULL,NULL,3,NULL,NULL,0,'21','dilution=1,routineSampleOrStatSample=R,containerType=SC','2015-03-12 11:28:41'),
  (139,2,1,'sdfxx','0',1,'S1',NULL,NULL,NULL,3,NULL,NULL,0,'21,2,3,4,11,12,30','dilution=1,routineSampleOrStatSample=R,containerType=SC','2015-03-12 11:46:28'),
  (140,2,1,'dfgdfgfdretret','0',1,'S1',NULL,NULL,NULL,3,NULL,NULL,0,'21,2','dilution=1,routineSampleOrStatSample=R,containerType=SC','2015-03-12 16:21:36'),
  (141,2,1,'fghfghrt44','0',1,'S1',NULL,NULL,NULL,3,NULL,NULL,0,'21,9','dilution=1,routineSampleOrStatSample=R,containerType=SC','2015-03-12 16:25:00'),
  (142,2,1,'rtytryrt','0',1,'S1',NULL,NULL,NULL,3,NULL,NULL,1,'21,2','dilution=1,routineSampleOrStatSample=R,containerType=SC','2015-03-12 16:27:00'),
  (148,2,1,'5645646465','0',1,'S1',NULL,NULL,NULL,3,NULL,NULL,0,'21,2','dilution=1,routineSampleOrStatSample=R,containerType=SC','2015-03-13 16:04:22'),
  (149,1,1,'sid_123123','5',2,NULL,'Ivanov Igor','pat_123',NULL,3,NULL,NULL,0,'0','','2015-03-13 16:32:42');
COMMIT;

#
# Data for the `result` table  (LIMIT 0,500)
#

INSERT INTO `result` (`id`, `workorder_id`, `test_code`, `parameter_id`, `value`, `units`, `referense_ranges`, `abnormal_flags`, `initial_rerun`, `comment`, `status`, `raw_text`, `add_params`) VALUES 
  (1,111,'1',1,'12','mkg','10-15','n','f','fgdfgdfg','1','0','ewrwer'),
  (2,111,'4',4,'0.484','nmol/l','','N','F',NULL,NULL,'R|1|^^^4/1/not|0.484|nmol/l||N||F|||||E1','dilution=1,preDilution=not,messageValueOrCutIndex='),
  (3,111,'12',12,'-1','COI','','N','F',NULL,NULL,'R|2|^^^12/1/not|-1^0.101|COI||N||F|||||E1','dilution=1,preDilution=not,messageValueOrCutIndex=0.101'),
  (4,111,'4',4,'0.484','nmol/l','','N','F',NULL,NULL,'R|1|^^^4/1/not|0.484|nmol/l||N||F|||||E1','dilution=1,preDilution=not,messageValueOrCutIndex='),
  (5,111,'12',12,'-1','COI','','N','F',NULL,NULL,'R|2|^^^12/1/not|-1^0.101|COI||N||F|||||E1','dilution=1,preDilution=not,messageValueOrCutIndex=0.101'),
  (6,111,'4',14,'0.484','nmol/l','','N','F',NULL,NULL,'R|1|^^^4/1/not|0.484|nmol/l||N||F|||||E1','dilution=1,preDilution=not,messageValueOrCutIndex='),
  (7,111,'12',12,'-1','COI','','N','F',NULL,NULL,'R|2|^^^12/1/not|-1^0.101|COI||N||F|||||E1','dilution=1,preDilution=not,messageValueOrCutIndex=0.101'),
  (11,111,'12',12,'-1','COI','','N','F',NULL,NULL,'R|2|^^^12/1/not|-1^0.101|COI||N||F|||||E1','dilution=1,preDilution=not,messageValueOrCutIndex=0.101'),
  (12,111,'12',12,'-1','COI','','N','F',NULL,NULL,'R|2|^^^12/1/not|-1^0.101|COI||N||F|||||E1','dilution=1,preDilution=not,messageValueOrCutIndex=0.101'),
  (13,111,'4',14,'0.484','nmol/l','','N','F',NULL,NULL,'R|1|^^^4/1/not|0.484|nmol/l||N||F|||||E1','dilution=1,preDilution=not,messageValueOrCutIndex=');
COMMIT;

#
# Data for the `test` table  (LIMIT 0,500)
#

INSERT INTO `test` (`id`, `instrument_id`, `code`, `name`, `description`, `units`, `test_order`, `parameter_id`, `use_default`) VALUES 
  (34,2,'1','TSH0','',NULL,1000,1,1),
  (35,2,'2','CPEPTID 0','',NULL,2,2,1),
  (36,2,'3','ASTH 0',NULL,NULL,3,3,1),
  (37,2,'4','TEST0 1','',NULL,4,4,1),
  (38,2,'5','PRL 1',NULL,NULL,1000,5,1),
  (39,2,'6','LH 0',NULL,NULL,5,6,1),
  (40,2,'7','FSH 0',NULL,NULL,6,7,1),
  (41,2,'8','AFP 1',NULL,NULL,1000,8,1),
  (42,2,'9','CA15-3 2',NULL,NULL,7,9,1),
  (43,2,'10','CA72-4 0',NULL,NULL,8,10,1),
  (44,2,'11','FPSA-1',NULL,NULL,9,11,1),
  (45,2,'12','HBEAG 0',NULL,NULL,10,12,1),
  (46,2,'13','A-HAVIGM 0',NULL,NULL,11,13,1),
  (47,2,'14','IGE 0',NULL,NULL,12,14,1),
  (48,2,'15','INSULIN 0',NULL,NULL,13,15,1),
  (49,2,'16','A-TPO 0',NULL,NULL,1000,16,1),
  (50,2,'17','SHBG 0',NULL,NULL,14,17,1),
  (51,2,'18','S-100 0',NULL,NULL,15,18,1),
  (52,2,'19','HGH 0',NULL,NULL,16,19,1),
  (53,2,'20','HBSAG-II 0',NULL,NULL,1000,20,1),
  (54,2,'21','HE-4 0',NULL,NULL,1,21,1),
  (55,2,'22','A-HCVII 0',NULL,NULL,1000,22,1),
  (56,2,'23','FT4 II 0',NULL,NULL,1000,23,1),
  (57,2,'24','E2 1',NULL,NULL,1000,24,1),
  (58,2,'25','PROG 1',NULL,NULL,1000,25,1),
  (59,2,'26','CORT 0',NULL,NULL,1000,26,1),
  (60,2,'27','HCGSTAT 1',NULL,NULL,1000,27,1),
  (61,2,'28','TPSA 1',NULL,NULL,1000,28,1),
  (62,2,'29','CA125 1',NULL,NULL,1000,29,1),
  (63,2,'30','CA19-9 1',NULL,NULL,1000,30,1),
  (64,2,'31','A-HAV0',NULL,NULL,1000,31,1),
  (65,1,'18','#BASO',NULL,'10e3/µL',1000,NULL,0),
  (66,1,'64','#BASOu',NULL,'10e3 µL',1000,NULL,0),
  (67,1,'17','#EOS',NULL,'10e3/µL',1000,NULL,0),
  (68,1,'63','#EOSu',NULL,'10e3 µL',1000,NULL,0),
  (69,1,'931','#H-RTC',NULL,'',1000,NULL,0),
  (70,1,'927','#L-RTC',NULL,'',1000,NULL,0),
  (71,1,'19','#LUC',NULL,'10e3/µL',1000,NULL,0),
  (72,1,'65','#LUCu',NULL,'10e3 µL',1000,NULL,0),
  (73,1,'15','#LYMPH',NULL,'10e3/µL',1000,NULL,0),
  (74,1,'61','#LYMPu',NULL,'10e3 µL',1000,NULL,0),
  (75,1,'929','#M-RTC',NULL,'',1000,NULL,0),
  (76,1,'16','#MONO',NULL,'10e3/µL',1000,NULL,0),
  (77,1,'62','#MONOu',NULL,'10e3 µL',1000,NULL,0),
  (78,1,'14','#NEUT',NULL,'10e3/µL',1000,NULL,0),
  (79,1,'60','#NEUTu',NULL,'10e3 µL',1000,NULL,0),
  (80,1,'29','#NRBC',NULL,'10e9/L',1000,NULL,0),
  (81,1,'942','#RBCm',NULL,'10e9/L',1000,NULL,0),
  (82,1,'911','#RETIC',NULL,'10e9/L',1000,NULL,0),
  (83,1,'193','%ATYPS',NULL,'',1000,NULL,0),
  (84,1,'195','%BANDS',NULL,'',1000,NULL,0),
  (85,1,'24','%BASO',NULL,'%',1000,NULL,0),
  (86,1,'58','%BASOu',NULL,'%',1000,NULL,0),
  (87,1,'194','%BLAST',NULL,'',1000,NULL,0),
  (88,1,'23','%EOS',NULL,'%',1000,NULL,0),
  (89,1,'57','%EOSu',NULL,'%',1000,NULL,0),
  (90,1,'930','%H-RTC',NULL,'%',1000,NULL,0),
  (91,1,'926','%L-RTC',NULL,'%',1000,NULL,0),
  (92,1,'25','%LUC',NULL,'%',1000,NULL,0),
  (93,1,'59','%LUCu',NULL,'%',1000,NULL,0),
  (94,1,'21','%LYMPH',NULL,'%',1000,NULL,0),
  (95,1,'55','%LYMPu',NULL,'%',1000,NULL,0),
  (96,1,'928','%M-RTC',NULL,'%',1000,NULL,0),
  (97,1,'197','%METAS',NULL,'',1000,NULL,0),
  (98,1,'22','%MONO',NULL,'%',1000,NULL,0),
  (99,1,'56','%MONOu',NULL,'%',1000,NULL,0),
  (100,1,'198','%MYELO',NULL,'',1000,NULL,0),
  (101,1,'20','%NEUT',NULL,'%',1000,NULL,0),
  (102,1,'54','%NEUTu',NULL,'%',1000,NULL,0),
  (103,1,'28','%NRBC',NULL,'NRBC/100',1000,NULL,0),
  (104,1,'196','%PROS',NULL,'',1000,NULL,0),
  (105,1,'941','%RBCm',NULL,'%',1000,NULL,0),
  (106,1,'910','%RETIC',NULL,'%',1000,NULL,0),
  (107,1,'36','ANISO',NULL,'',1000,NULL,0),
  (108,1,'43','ATYP',NULL,'',1000,NULL,0),
  (109,1,'44','BLASTS',NULL,'',1000,NULL,0),
  (110,1,'72','CH',NULL,'pg',1000,NULL,0),
  (111,1,'51','CHCM',NULL,'g/dL',1000,NULL,0),
  (112,1,'915','CHCMg',NULL,'g/dL',1000,NULL,0),
  (113,1,'948','CHCMm',NULL,'g/dL',1000,NULL,0),
  (114,1,'922','CHCMr',NULL,'g/dL',1000,NULL,0),
  (115,1,'73','CHDW',NULL,'pg',1000,NULL,0),
  (116,1,'920','CHDWg',NULL,'pg',1000,NULL,0),
  (117,1,'949','CHDWm',NULL,'pg',1000,NULL,0),
  (118,1,'913','CHDWr',NULL,'pg',1000,NULL,0),
  (119,1,'919','CHg',NULL,'pg',1000,NULL,0),
  (120,1,'925','CHm',NULL,'pg',1000,NULL,0),
  (121,1,'912','CHr',NULL,'pg',1000,NULL,0),
  (122,1,'0','COMENT',NULL,'',1000,NULL,0),
  (123,1,'935','dCH',NULL,'',1000,NULL,0),
  (124,1,'934','dCHCM',NULL,'',1000,NULL,0),
  (125,1,'937','dCHDW',NULL,'',1000,NULL,0),
  (126,1,'936','dHDW',NULL,'',1000,NULL,0),
  (127,1,'933','dMCV',NULL,'',1000,NULL,0),
  (128,1,'943','dRDW',NULL,'',1000,NULL,0),
  (129,1,'39','HC-VAR',NULL,'',1000,NULL,0),
  (130,1,'4','HCT',NULL,'%',1000,NULL,0),
  (131,1,'9','HDW',NULL,'g/dL',1000,NULL,0),
  (132,1,'918','HDWg',NULL,'g/dL',1000,NULL,0),
  (133,1,'947','HDWm',NULL,'g/dL',1000,NULL,0),
  (134,1,'924','HDWr',NULL,'g/dL',1000,NULL,0),
  (135,1,'3','HGB',NULL,'g/dL',1000,NULL,0),
  (136,1,'41','HYPER',NULL,'',1000,NULL,0),
  (137,1,'40','HYPO',NULL,'',1000,NULL,0),
  (138,1,'75','IG',NULL,'',1000,NULL,0),
  (139,1,'250','IMAGE',NULL,'',1000,NULL,0),
  (140,1,'251','IMAGEr',NULL,'',1000,NULL,0),
  (141,1,'932','IRF-H',NULL,'',1000,NULL,0),
  (142,1,'26','LI',NULL,'',1000,NULL,0),
  (143,1,'76','LPLT',NULL,'',1000,NULL,0),
  (144,1,'42','LS',NULL,'',1000,NULL,0),
  (145,1,'38','MACRO',NULL,'',1000,NULL,0),
  (146,1,'6','MCH',NULL,'pg',1000,NULL,0),
  (147,1,'7','MCHC',NULL,'g/dL',1000,NULL,0),
  (148,1,'5','MCV',NULL,'fL',1000,NULL,0),
  (149,1,'914','MCVg',NULL,'fL',1000,NULL,0),
  (150,1,'945','MCVm',NULL,'fL',1000,NULL,0),
  (151,1,'921','MCVr',NULL,'fL',1000,NULL,0),
  (152,1,'37','MICRO',NULL,'',1000,NULL,0),
  (153,1,'82','MPO',NULL,'',1000,NULL,0),
  (154,1,'11','MPV',NULL,'fL',1000,NULL,0),
  (155,1,'27','MPXI',NULL,'',1000,NULL,0),
  (156,1,'191','NEUTx',NULL,'',1000,NULL,0),
  (157,1,'192','NEUTy',NULL,'',1000,NULL,0),
  (158,1,'79','NRBC',NULL,'',1000,NULL,0),
  (159,1,'13','PCT',NULL,'%',1000,NULL,0),
  (160,1,'12','PDW',NULL,'%',1000,NULL,0),
  (161,1,'10','PLT',NULL,'10e3/µL',1000,NULL,0),
  (162,1,'81','PLTCLM',NULL,'',1000,NULL,0),
  (163,1,'83','PLTx',NULL,'',1000,NULL,0),
  (164,1,'84','PLTy',NULL,'',1000,NULL,0),
  (165,1,'2','RBC',NULL,'10e6/µL',1000,NULL,0),
  (166,1,'77','RBCF',NULL,'',1000,NULL,0),
  (167,1,'78','RBCG',NULL,'',1000,NULL,0),
  (168,1,'8','RDW',NULL,'%',1000,NULL,0),
  (169,1,'917','RDWg',NULL,'%',1000,NULL,0),
  (170,1,'946','RDWm',NULL,'%',1000,NULL,0),
  (171,1,'923','RDWr',NULL,'%',1000,NULL,0),
  (172,1,'916','RTCRBC',NULL,'10e6/µL',1000,NULL,0),
  (173,1,'513','sf#EOS',NULL,'cells/µL',1000,NULL,0),
  (174,1,'511','sf#LYM',NULL,'cells/µL',1000,NULL,0),
  (175,1,'509','sf#MN',NULL,'cells/µL',1000,NULL,0),
  (176,1,'512','sf#MON',NULL,'cells/µL',1000,NULL,0),
  (177,1,'510','sf#NEU',NULL,'cells/µL',1000,NULL,0),
  (178,1,'508','sf#PMN',NULL,'cells/µL',1000,NULL,0),
  (179,1,'507','sf%EOS',NULL,'%',1000,NULL,0),
  (180,1,'505','sf%LYM',NULL,'%',1000,NULL,0),
  (181,1,'503','sf%MN',NULL,'%',1000,NULL,0),
  (182,1,'506','sf%MON',NULL,'%',1000,NULL,0),
  (183,1,'504','sf%NEU',NULL,'%',1000,NULL,0),
  (184,1,'502','sf%PMN',NULL,'%',1000,NULL,0),
  (185,1,'514','sfRBC',NULL,'cells/µL',1000,NULL,0),
  (186,1,'501','sfWBC',NULL,'cells/µL',1000,NULL,0),
  (187,1,'1','WBC',NULL,'10e3/µL',1000,NULL,0),
  (188,1,'52','WBCB',NULL,'10e3/µL',1000,NULL,0),
  (189,1,'50','WBCP',NULL,'10e3 µL',1000,NULL,0),
  (190,1,'53','WBCu',NULL,'10e3 µL',1000,NULL,0);
COMMIT;



/*!40101 SET CHARACTER_SET_CLIENT=@OLD_CHARACTER_SET_CLIENT */;
/*!40101 SET CHARACTER_SET_RESULTS=@OLD_CHARACTER_SET_RESULTS */;
/*!40101 SET COLLATION_CONNECTION=@OLD_COLLATION_CONNECTION */;